{"model":{"version":3,"nodes":[{"name":"RootNode","position":[0,0,0],"rotation":[0,0,0],"scale":[0.01,0.01,0.01],"scaleCompensation":false},{"name":"Rock_Flat_m_2C_08","position":[0,0,0],"rotation":[0,0,0],"scale":[1,1,1],"scaleCompensation":false}],"parents":[-1,0],"skins":[],"morphs":[],"vertices":[{"position":{"type":"float32","components":3,"data":[64.5567,0,-25.7057,49.7485,2.83526,-39.8579,61.4282,8.13366,-33.7611,70.4628,0,7.12523,71.191,11.6064,24.5123,47.5607,16.5448,48.0934,11.7198,0,-42.2265,47.2659,0,-40.0048,70.4628,0,7.12523,-70.9942,8.75266,-21.4296,-71.3388,15.782,-2.98841,-71.8189,15.5446,-26.8555,41.4424,19.8241,48.0934,-37.1825,17.3074,48.0934,15.6479,2.40787,48.0934,41.4311,27.2462,38.667,41.4424,19.8241,48.0934,47.5607,16.5448,48.0934,-45.9594,27.1317,29.8434,-48.5176,27.0613,25.9955,-54.1224,2.18704,29.9632,-45.2178,0,30.0073,-70.3483,7.45595,2.69086,-34.591,0,-25.2719,-50.9691,25.8497,-38.9544,-71.8189,15.5446,-26.8555,-71.3388,15.782,-2.98841,-70.9942,8.75266,-21.4296,-53.2537,24.7205,-40.2192,-34.591,0,-25.2719,-50.9691,25.8497,-38.9544,60.2079,26.1406,-19.9511,-10.3073,11.0133,-43.6352,11.7198,0,-42.2265,49.7485,2.83526,-39.8579,47.2659,0,-40.0048,64.5567,0,-25.7057,47.2659,0,-40.0048,49.7485,2.83526,-39.8579,47.5607,16.5448,48.0934,15.6479,2.40787,48.0934,14.3069,0,45.2399,14.3069,0,45.2399,70.4628,0,7.12523,47.5607,16.5448,48.0934,14.3069,0,45.2399,-45.2178,0,30.0073,-34.591,0,-25.2719,41.4311,27.2462,38.667,71.191,11.6064,24.5123,64.5318,26.5968,4.60755,47.5607,16.5448,48.0934,64.5567,0,-25.7057,-70.9942,8.75266,-21.4296,-70.3483,7.45595,2.69086,-71.3388,15.782,-2.98841,-37.6808,15.7992,48.0934,-54.1224,2.18704,29.9632,-45.2178,0,30.0073,-37.6808,15.7992,48.0934,15.6479,2.40787,48.0934,-37.1825,17.3074,48.0934,47.5607,16.5448,48.0934,-37.1825,17.3074,48.0934,41.4424,19.8241,48.0934,41.4311,27.2462,38.667,-45.9594,27.1317,29.8434,-45.2178,0,30.0073,14.3069,0,45.2399,-37.6808,15.7992,48.0934,15.6479,2.40787,48.0934,-54.1224,2.18704,29.9632,-37.6808,15.7992,48.0934,-45.9594,27.1317,29.8434,-37.1825,17.3074,48.0934,-45.9594,27.1317,29.8434,-37.6808,15.7992,48.0934,-48.5176,27.0613,25.9955,-71.3388,15.782,-2.98841,-70.3483,7.45595,2.69086,-70.3483,7.45595,2.69086,-54.1224,2.18704,29.9632,-48.5176,27.0613,25.9955,-70.9942,8.75266,-21.4296,-34.591,0,-25.2719,-70.3483,7.45595,2.69086,-45.2178,0,30.0073,-54.1224,2.18704,29.9632,-70.3483,7.45595,2.69086,-45.9594,27.1317,29.8434,41.4311,27.2462,38.667,-48.5176,27.0613,25.9955,64.5318,26.5968,4.60755,60.2079,26.1406,-19.9511,41.4311,27.2462,38.667,-71.3388,15.782,-2.98841,-48.5176,27.0613,25.9955,-50.9691,25.8497,-38.9544,-50.9691,25.8497,-38.9544,-53.2537,24.7205,-40.2192,-71.8189,15.5446,-26.8555,11.7198,0,-42.2265,-34.591,0,-25.2719,-10.3073,11.0133,-43.6352,-70.9942,8.75266,-21.4296,-71.8189,15.5446,-26.8555,-53.2537,24.7205,-40.2192,-53.2537,24.7205,-40.2192,-10.3073,11.0133,-43.6352,-34.591,0,-25.2719,-48.5176,27.0613,25.9955,60.2079,26.1406,-19.9511,-50.9691,25.8497,-38.9544,41.4311,27.2462,38.667,71.191,11.6064,24.5123,70.4628,0,7.12523,64.5318,26.5968,4.60755,64.5567,0,-25.7057,61.4282,8.13366,-33.7611,60.2079,26.1406,-19.9511,49.7485,2.83526,-39.8579,-10.3073,11.0133,-43.6352,60.2079,26.1406,-19.9511,-53.2537,24.7205,-40.2192,-50.9691,25.8497,-38.9544,-10.3073,11.0133,-43.6352,60.2079,26.1406,-19.9511,61.4282,8.13366,-33.7611,49.7485,2.83526,-39.8579,11.7198,0,-42.2265,-10.3073,11.0133,-43.6352,49.7485,2.83526,-39.8579,64.5318,26.5968,4.60755,70.4628,0,7.12523,60.2079,26.1406,-19.9511,64.5567,0,-25.7057]},"normal":{"type":"float32","components":3,"data":[0.565854,-0.460022,-0.684244,0.565854,-0.460022,-0.684244,0.565854,-0.460022,-0.684244,0.345412,-0.787143,0.510975,0.345412,-0.787143,0.510975,0.345412,-0.787143,0.510975,0,-1,0,0,-1,0,0,-1,0,-0.994361,-0.103939,0.021038,-0.994361,-0.103939,0.021038,-0.994361,-0.103939,0.021038,0,0,1,0,0,1,0,0,1,0.388203,0.724289,0.569828,0.388203,0.724289,0.569828,0.388203,0.724289,0.569828,-0.804994,0.265977,0.530321,-0.804994,0.265977,0.530321,-0.804994,0.265977,0.530321,-0.238087,-0.970165,-0.0457697,-0.238087,-0.970165,-0.0457697,-0.238087,-0.970165,-0.0457697,-0.443085,0.896479,-1.69989e-07,-0.443085,0.896479,-1.69989e-07,-0.443085,0.896479,-1.69989e-07,-0.228952,-0.624398,-0.746798,-0.228952,-0.624398,-0.746798,-0.228952,-0.624398,-0.746798,0.132108,0.608849,-0.782208,0.132108,0.608849,-0.782208,0.132108,0.608849,-0.782208,0.0623811,-0.00291259,-0.998048,0.0623811,-0.00291259,-0.998048,0.0623811,-0.00291259,-0.998048,0.565854,-0.460021,-0.684244,0.565854,-0.460021,-0.684244,0.565854,-0.460021,-0.684244,0.350181,-0.790501,0.502475,0.350181,-0.790501,0.502475,0.350181,-0.790501,0.502475,0.347175,-0.786021,0.511508,0.347175,-0.786021,0.511508,0.347175,-0.786021,0.511508,0,-1,0,0,-1,0,0,-1,0,0.566723,0.726266,0.389054,0.566723,0.726266,0.389054,0.566723,0.726266,0.389054,0.566723,0.726266,0.389054,0,-1,0,-0.994361,-0.103939,0.0210382,-0.994361,-0.103939,0.0210382,-0.994361,-0.103939,0.0210382,-0.176257,-0.703762,0.688224,-0.176257,-0.703762,0.688224,-0.176257,-0.703762,0.688224,0,6.84282e-06,1,0,6.84282e-06,1,0,6.84282e-06,1,0,0,1,-0.0419359,0.841927,0.537959,-0.0419359,0.841927,0.537959,-0.0419359,0.841927,0.537959,-0.0419359,0.841927,0.537959,-0.176384,-0.704548,0.687387,-0.176384,-0.704548,0.687387,-0.176384,-0.704548,0.687387,-0.176384,-0.704548,0.687387,-0.804994,0.265977,0.530322,-0.804994,0.265977,0.530322,-0.804994,0.265977,0.530322,-0.804994,0.265976,0.530322,-0.804994,0.265976,0.530322,-0.804994,0.265976,0.530322,-0.804994,0.265976,0.530322,-0.804994,0.265976,0.530322,-0.804994,0.265976,0.530322,-0.804994,0.265977,0.530322,-0.804994,0.265977,0.530322,-0.804994,0.265977,0.530322,-0.238095,-0.970162,-0.0457804,-0.238095,-0.970162,-0.0457804,-0.238095,-0.970162,-0.0457804,-0.238056,-0.970171,-0.0458,-0.238056,-0.970171,-0.0458,-0.238056,-0.970171,-0.0458,0.000574911,0.999825,-0.0186731,0.000574911,0.999825,-0.0186731,0.000574911,0.999825,-0.0186731,0.000574184,0.999826,-0.0186733,0.000574184,0.999826,-0.0186733,0.000574184,0.999826,-0.0186733,-0.443085,0.89648,4.73313e-08,-0.443085,0.89648,4.73313e-08,-0.443085,0.89648,4.73313e-08,-0.443086,0.896479,-2.4733e-06,-0.443086,0.896479,-2.4733e-06,-0.443086,0.896479,-2.4733e-06,-0.267445,-0.628346,-0.730516,-0.267445,-0.628346,-0.730516,-0.267445,-0.628346,-0.730516,-0.228952,-0.624399,-0.746798,-0.228952,-0.624399,-0.746798,-0.228952,-0.624399,-0.746798,-0.260767,-0.636013,-0.726284,-0.260767,-0.636013,-0.726284,-0.260767,-0.636013,-0.726284,0.000575111,0.999825,-0.0186732,0.000575111,0.999825,-0.0186732,0.000575111,0.999825,-0.0186732,0.000575111,0.999825,-0.0186732,0.964652,0.198733,-0.173064,0.964652,0.198733,-0.173064,0.964652,0.198733,-0.173064,0.964499,0.198739,-0.173908,0.964499,0.198739,-0.173908,0.964499,0.198739,-0.173908,0.132108,0.608849,-0.782209,0.132108,0.608849,-0.782209,0.132108,0.608849,-0.782209,0.132108,0.608848,-0.782209,0.132108,0.608848,-0.782209,0.132108,0.608848,-0.782209,0.132108,0.608849,-0.782209,0.132108,0.608849,-0.782209,0.132108,0.608849,-0.782209,0.0623803,-0.00290104,-0.998048,0.0623803,-0.00290104,-0.998048,0.0623803,-0.00290104,-0.998048,0.964583,0.198671,-0.173522,0.964583,0.198671,-0.173522,0.964583,0.198671,-0.173522,0.964583,0.198671,-0.173522]},"texCoord0":{"type":"float32","components":2,