{"model":{"version":3,"nodes":[{"name":"RootNode","position":[0,0,0],"rotation":[0,0,0],"scale":[0.01,0.01,0.01],"scaleCompensation":false},{"name":"Rock_Flat_m_2C_11","position":[0,0,0],"rotation":[0,0,0],"scale":[1,1,1],"scaleCompensation":false}],"parents":[-1,0],"skins":[],"morphs":[],"vertices":[{"position":{"type":"float32","components":3,"data":[-35.8565,7.72592,60,-60,7.72592,35.8565,-35.8565,0,35.8565,-35.8565,30.6741,60,-35.8565,38.4,35.8565,-60,30.6741,35.8565,-35.8565,0,-35.8565,-60,11.3668,-35.8565,-22.9435,7.72592,-60,21.371,7.72592,60,35.8565,0,35.8565,60,7.72592,32.2243,60,7.72592,-35.8565,35.8565,0,-35.8565,35.8565,10.441,-60,35.8565,38.4,-21.6453,-0.874339,38.4,-35.8565,28.5037,38.4,35.8565,60,7.72592,32.2243,60,7.72592,-35.8565,60,12.7451,-35.8565,-35.8565,30.6741,60,-60,30.6741,35.8565,-60,7.72592,35.8565,-35.8565,7.72592,60,21.371,7.72592,60,60,30.6741,17.9988,1.58681,30.6741,60,60,7.72592,32.2243,-60,7.72592,35.8565,-60,11.3668,-35.8565,-35.8565,0,35.8565,-35.8565,0,-35.8565,35.8565,0,35.8565,35.8565,0,-35.8565,60,7.72592,32.2243,60,7.72592,-35.8565,1.58681,30.6741,60,-35.8565,30.6741,60,-35.8565,7.72592,60,21.371,7.72592,60,-60,30.6741,-13.2102,-35.8565,38.4,-17.096,13.698,24.479,-60,-0.874339,38.4,-35.8565,12.2378,34.7977,-47.1136,13.698,24.479,-60,-35.8565,38.4,-17.096,-0.874339,38.4,-35.8565,13.698,24.479,-60,-60,30.6741,35.8565,-60,30.6741,-13.2102,-60,7.72592,35.8565,-60,11.3668,-35.8565,35.8565,38.4,30.5696,28.5037,38.4,35.8565,60,30.6741,17.9988,60,30.6741,17.9988,28.5037,38.4,35.8565,1.58681,30.6741,60,-22.9435,7.72592,-60,-60,30.6741,-13.2102,13.698,24.479,-60,-60,11.3668,-35.8565,-22.9435,7.72592,-60,13.698,24.479,-60,35.8565,10.441,-60,12.2378,34.7977,-47.1136,-0.874339,38.4,-35.8565,35.8565,38.4,-21.6453,-35.8565,38.4,-17.096,-35.8565,38.4,35.8565,35.8565,10.441,-60,13.698,24.479,-60,60,12.7451,-35.8565,12.2378,34.7977,-47.1136,35.8565,38.4,-21.6453,60,30.6741,-11.2612,-22.9435,7.72592,-60,35.8565,0,-35.8565,-35.8565,0,-35.8565,35.8565,10.441,-60,35.8565,10.441,-60,60,12.7451,-35.8565,60,7.72592,-35.8565,28.5037,38.4,35.8565,35.8565,38.4,30.5696,35.8565,38.4,-21.6453,60,7.72592,32.2243,60,30.6741,-11.2612,60,30.6741,17.9988,60,12.7451,-35.8565,-35.8565,0,35.8565,21.371,7.72592,60,-35.8565,7.72592,60,35.8565,0,35.8565,35.8565,38.4,-21.6453,35.8565,38.4,30.5696,60,30.6741,17.9988,60,30.6741,-11.2612,28.5037,38.4,35.8565,-35.8565,38.4,35.8565,1.58681,30.6741,60,-35.8565,30.6741,60,-35.8565,38.4,35.8565,-60,30.6741,-13.2102,-60,30.6741,35.8565,-35.8565,38.4,-17.096,12.2378,34.7977,-47.1136,60,12.7451,-35.8565,13.698,24.479,-60,60,30.6741,-11.2612,-35.8565,0,-35.8565,35.8565,0,35.8565,-35.8565,0,35.8565,35.8565,0,-35.8565]},"normal":{"type":"float32","components":3,"data":[-0.291536,-0.911051,0.291536,-0.291536,-0.911051,0.291536,-0.291536,-0.911051,0.291536,-0.291536,0.911051,0.291536,-0.291536,0.911051,0.291536,-0.291536,0.911051,0.291536,-0.378327,-0.803578,-0.459491,-0.378327,-0.803578,-0.459491,-0.378327,-0.803578,-0.459491,0.33258,-0.821859,0.462535,0.33258,-0.821859,0.462535,0.33258,-0.821859,0.462535,0.281808,-0.88065,-0.380841,0.281808,-0.88065,-0.380841,0.281808,-0.88065,-0.380841,0,1,0,0,1,0,0,1,0,1,0,0,1,0,0,1,0,0,-0.707107,0,0.707107,-0.707107,0,0.707107,-0.707107,0,0.707107,-0.707107,0,0.707107,0.521467,0.449569,0.725231,0.521467,0.449569,0.725231,0.521467,0.449569,0.725231,0.521467,0.449569,0.725231,-0.367599,-0.929685,-0.0236004,-0.367599,-0.929685,-0.0236004,-0.367599,-0.929685,-0.0236004,-0.367599,-0.929685,-0.0236004,0.304776,-0.952424,0,0.304776,-0.952424,0,0.304776,-0.952424,0,0.304776,-0.952424,0,0,1.37179e-07,1,0,1.37179e-07,1,0,1.37179e-07,1,0,1.37179e-07,1,-0.328609,0.718718,-0.612749,-0.328609,0.718718,-0.612749,-0.328609,0.718718,-0.612749,-0.328608,0.718718,-0.612749,-0.328608,0.718718,-0.612749,-0.328608,0.718718,-0.612749,-0.328609,0.718718,-0.612748,-0.328609,0.718718,-0.612748,-0.328609,0.718718,-0.612748,-1,0,0,-1,0,0,-1,0,0,-1,0,0,0.521468,0.449569,0.72523,0.521468,0.449569,0.72523,0.521468,0.449569,0.72523,0.521467,0.449569,0.725231,0.521467,0.449569,0.725231,0.521467,0.449569,0.725231,-0.328609,0.718718,-0.612748,-0.328609,0.718718,-0.612748,-0.328609,0.718718,-0.612748,-0.328609,0.718718,-0.612748,0,0,-1,0,0,-1,0,0,-1,0.083055,0.97315,-0.214667,0.083055,0.97315,-0.214667,0.083055,0.97315,-0.214667,0,1,0,0,1,0,0.455699,0.719305,-0.524346,0.455699,0.719305,-0.524346,0.455699,0.719305,-0.524346,0.455698,0.719306,-0.524345,0.455698,0.719306,-0.524345,0.455698,0.719306,-0.524345,0.0195022,-0.937481,-0.34749,0.0195022,-0.937481,-0.34749,0.0195022,-0.937481,-0.34749,0.0195022,-0.937481,-0.34749,0.707107,0,-0.707107,0.707107,0,-0.707107,0.707107,0,-0.707107,7.7625e-07,1,0,7.7625e-07,1,0,7.7625e-07,1,0,1,0,-7.39316e-08,1,0,-7.39316e-08,1,0,-7.39316e-08,1,0,-7.39316e-08,0,-0.952424,0.304776,0,-0.952424,0.304776,0,-0.952424,0.304776,0,-0.952424,0.304776,0.304776,0.952424,0,0.304776,0.952424,0,0.304776,0.952424,0,0.304776,0.952424,0,0,0.952424,0.304776,0,0.952424,0.304776,0,0.952424,0.304776,0,0.952424,0.304776,-0.304776,0.952424,0,-0.304776,0.952424,0,-0.304776,0.952424,0,-0.304776,0.952424,0,0.455699,0.719306,-0.524345,0.455699,0.719306,-0.524345,0.455699,0.719306,-0.524345,0.455699,0.719306,-0.524345,0,-1,0,0,-1,0,0,-1,0,0,-1,0]},"texCoord0":{"type":"float32","components":2,"data":[0.182073,0.392147,0.191626,0.401682,0.182044,0.401608,0.934861,0.184472,0.944557,0.184319,0.94449,0.193934,0.182032,0.429923,0.191626,0.430032,0.176941,0.439527,0.159418,0.392142,0.153655,0.401601,0.144122,0.403106,0.144111,0.429987,0.153644,0.429917,0.153673,0.439548,0.967046,0.15584,0.972791,0.1703,0.944336,0.15891,0.174423,0.439548,0.174423,0.466437,0.172436,0.466437,0.153195,0.477407,0.153195,0.486943,0.144111,0.486943,0.144111,0.477407,0.901088,0.209084,0.910173,0.193827,0.910173,0.216898,0.901088,0.193827,0.191626,0.401682,0.191626,0.430032,0.182044,0.401608,0.182032,0.429923,0.153655,0.401601,0.153644,0.429917,0.144122,0.403106,0.144111,0.429987,0.153195,0.462618,0.153195,0.477407,0.144111,0.477407,0.144111,0.454805,0.963891,0.193792,0.965494,0.184166,0.982017,0.164627,0.972791,0.1703,0.977127,0.16513,0.982017,0.164627,0.965494,0.184166,0.972791,0.1703,0.982017,0.164627,0.156254,0.467871,0.156254,0.448492,0.165339,0.467871,0.163897,0.439548,0.156254,0.449083,0.156254,0.451987,0.153195,0.439548,0.910173,0.193827,0.913231,0.206267,0.910173,0.216898,0.981818,0.179274,0.963891,0.193792,0.982017,0.164627,0.97247,0.193934,0.180379,0.462796,0.174423,0.448034,0.180379,0.439548,0.977127,0.16513,0.972791,0.1703,0.967046,0.15584,0.965494,0.184166,0.944557,0.184319,0.981669,0.15603,0.982017,0.164627,0.972085,0.146543,0.977127,0.16513,0.967046,0.15584,0.962708,0.146422,0.176941,0.439527,0.153644,0.429917,0.182032,0.429923,0.153673,0.439548,0.182354,0.449143,0.180379,0.439769,0.182354,0.439548,0.944336,0.15891,0.946401,0.155992,0.967046,0.15584,0.174423,0.439548,0.165339,0.456723,0.165339,0.445166,0.172436,0.466437,0.182044,0.401608,0.159418,0.392142,0.182073,0.392147,0.153655,0.401601,0.967046,0.15584,0.946401,0.155992,0.951139,0.146506,0.962708,0.146422,0.944336,0.15891,0.944557,0.184319,0.934732,0.16969,0.934861,0.184472,0.944557,0.184319,0.963891,0.193792,0.94449,0.193934,0.965494,0.184166,0.977127,0.16513,0.972085,0.146543,0.982017,0.164627,0.962708,0.146422,0.182032,0.429923,0.153655,0.401601,0.182044,0.401608,0.153644,0.429917]}}],"meshes":[{"aabb":{"min":[-60,0,-60],"max":[60,38.4,60]},"vertices":0,"indices":[0,1,2,3,4,5,6,7,8,9,10,11,12,13,14,15,16,17,18,19,20,21,22,23,21,23,24,25,26,27,26,25,28,29,30,31,31,30,32,33,34,35,35,34,36,37,38,39,39,40,37,41,42,43,44,45,46,47,48,49,50,51,52,52,51,53,54,55,56,57,58,59,60,61,62,61,60,63,64,65,66,67,68,69,17,70,71,70,17,16,72,73,74,75,76,77,78,79,80,79,78,81,82,83,84,85,86,87,88,89,90,89,88,91,92,93,94,93,92,95,96,97,98,96,98,99,100,101,102,103,102,101,104,105,106,105,104,107,108,109,110,109,108,111,112,113,114,113,112,115],"type":"triangles","base":0,"count":150}],