{"model":{"version":3,"nodes":[{"name":"RootNode","position":[0,0,0],"rotation":[0,0,0],"scale":[0.01,0.01,0.01],"scaleCompensation":false},{"name":"Rock_Flat_m_2C_06","position":[0,0,0],"rotation":[0,0,0],"scale":[1,1,1],"scaleCompensation":false}],"parents":[-1,0],"skins":[],"morphs":[],"vertices":[{"position":{"type":"float32","components":3,"data":[-55.841,10.3328,-26.9307,-32.8847,26.0022,-45.7533,-47.3498,4.03296,-44.2451,-55.841,10.3328,-26.9307,-47.3498,4.03296,-44.2451,-42.5538,-0.0235781,-41.1747,30.5679,3.78785,-52.3693,55.841,1.78205,-40.1103,55.841,-0.0235781,-31.3471,-10.288,26.6515,51.7408,-55.841,14.9577,16.6171,-32.5581,8.03633,55.0044,-8.5143,26.7024,-48.2943,-43.2491,0.682873,-44.6727,-32.8847,26.0022,-45.7533,-11.1291,23.9663,55.0044,-28.259,4.61401,55.0044,29.5145,9.23835,55.0044,-55.841,25.3425,-14.0844,-55.841,9.36155,-1.88071,-55.841,25.3425,0.164132,-44.3699,-0.0235781,-2.71858,-27.9316,-0.0235781,40.5365,-55.841,14.9577,16.6171,-8.5143,26.7024,-48.2943,-55.841,25.3425,-14.0844,-55.841,25.3425,0.164132,-8.5143,26.7024,-48.2943,23.2365,27.6148,-28.9034,30.5679,3.78785,-52.3693,55.841,8.31415,45.6003,30.5223,27.8241,34.3193,29.5145,9.23835,55.0044,55.841,18.8388,34.1126,-55.841,10.3328,-26.9307,-55.841,25.3425,-14.0844,-32.8847,26.0022,-45.7533,-42.5538,-0.0235781,-41.1747,-44.3699,-0.0235781,-2.71858,-55.841,10.3328,-26.9307,-55.841,9.36155,-1.88071,-55.841,10.3328,-26.9307,-44.3699,-0.0235781,-2.71858,-47.3498,4.03296,-44.2451,-43.2491,0.682873,-44.6727,-42.5538,-0.0235781,-41.1747,23.2365,27.6148,-28.9034,55.841,1.78205,-40.1103,30.5679,3.78785,-52.3693,55.841,16.3063,-23.2261,55.841,-0.0235781,-31.3471,-42.5538,-0.0235781,-41.1747,30.5679,3.78785,-52.3693,-43.2491,0.682873,-44.6727,30.5679,3.78785,-52.3693,-42.5538,-0.0235781,-41.1747,-32.5581,8.03633,55.0044,-11.1291,23.9663,55.0044,-10.288,26.6515,51.7408,-10.288,26.6515,51.7408,-55.841,25.3425,0.164132,-55.841,14.9577,16.6171,-47.3498,4.03296,-44.2451,-32.8847,26.0022,-45.7533,-43.2491,0.682873,-44.6727,-8.5143,26.7024,-48.2943,30.5679,3.78785,-52.3693,-43.2491,0.682873,-44.6727,-44.3699,-0.0235781,-2.71858,55.841,-0.0235781,-31.3471,55.841,-0.0235781,19.7352,-42.5538,-0.0235781,-41.1747,55.841,-0.0235781,19.7352,55.841,16.3063,-23.2261,55.841,18.8388,34.1126,55.841,-0.0235781,-31.3471,-8.5143,26.7024,-48.2943,-55.841,25.3425,0.164132,23.2365,27.6148,-28.9034,-10.288,26.6515,51.7408,55.841,1.78205,-40.1103,55.841,18.8388,34.1126,55.841,8.31415,45.6003,55.841,-0.0235781,19.7352,55.841,-0.0235781,19.7352,-27.9316,-0.0235781,40.5365,-44.3699,-0.0235781,-2.71858,29.5145,9.23835,55.0044,-11.1291,23.9663,55.0044,-32.5581,8.03633,55.0044,-28.259,4.61401,55.0044,55.841,8.31415,45.6003,29.5145,9.23835,55.0044,55.841,-0.0235781,19.7352,-28.259,4.61401,55.0044,-27.9316,-0.0235781,40.5365,29.5145,9.23835,55.0044,-55.841,14.9577,16.6171,-55.841,25.3425,0.164132,-55.841,9.36155,-1.88071,-55.841,25.3425,-14.0844,-55.841,10.3328,-26.9307,-55.841,9.36155,-1.88071,-32.5581,8.03633,55.0044,-55.841,14.9577,16.6171,-27.9316,-0.0235781,40.5365,-55.841,9.36155,-1.88071,-44.3699,-0.0235781,-2.71858,-55.841,14.9577,16.6171,-27.9316,-0.0235781,40.5365,-28.259,4.61401,55.0044,-32.5581,8.03633,55.0044,-10.288,26.6515,51.7408,30.5223,27.8241,34.3193,23.2365,27.6148,-28.9034,30.5223,27.8241,34.3193,-10.288,26.6515,51.7408,29.5145,9.23835,55.0044,-11.1291,23.9663,55.0044,-32.8847,26.0022,-45.7533,-55.841,25.3425,-14.0844,-8.5143,26.7024,-48.2943,55.841,18.8388,34.1126,55.841,16.3063,-23.2261,30.5223,27.8241,34.3193,23.2365,27.6148,-28.9034]},"normal":{"type":"float32","components":3,"data":[-0.729569,0.444698,-0.519589,-0.729569,0.444698,-0.519589,-0.729569,0.444698,-0.519589,-0.634252,-0.772546,-0.0299532,-0.634252,-0.772546,-0.0299532,-0.634252,-0.772546,-0.0299532,0.0201522,-0.979226,-0.201767,0.0201522,-0.979226,-0.201767,0.0201522,-0.979226,-0.201767,-0.532209,0.715929,0.451883,-0.532209,0.715929,0.451883,-0.532209,0.715929,0.451883,-0.103703,3.64576e-07,-0.994608,-0.103703,3.64576e-07,-0.994608,-0.103703,3.64576e-07,-0.994608,0,0,1,0,0,1,0,0,1,-1,0,0,-1,0,0,-1,0,0,-0.606068,-0.761335,0.230325,-0.606068,-0.761335,0.230325,-0.606068,-0.761335,0.230325,-0.0287226,0.999587,0,-0.0287226,0.999587,0,-0.0287226,0.999587,0,0.352347,0.709482,-0.610317,0.352347,0.709482,-0.610317,0.352347,0.709482,-0.610317,0.258132,0.71235,0.65263,0.258132,0.71235,0.65263,0.258132,0.71235,0.65263,0.258132,0.71235,0.65263,-0.729569,0.444698,-0.519589,-0.729569,0.444698,-0.519589,-0.729569,0.444698,-0.519589,-0.634252,-0.772546,-0.029953,-0.634252,-0.772546,-0.029953,-0.634252,-0.772546,-0.029953,-0.634252,-0.772546,-0.0299528,-0.634252,-0.772546,-0.0299528,-0.634252,-0.772546,-0.0299528,-0.63425,-0.772547,-0.0299516,-0.63425,-0.772547,-0.0299516,-0.63425,-0.772547,-0.0299516,0.352347,0.709482,-0.610317,0.352347,0.709482,-0.610317,0.352347,0.709482,-0.610317,0.352347,0.709482,-0.610317,0.0201522,-0.979226,-0.201767,0.0201522,-0.979226,-0.201767,0.0201522,-0.979226,-0.201767,0.0201522,-0.979226,-0.201767,0.0201522,-0.979226,-0.201767,0.0201522,-0.979226,-0.201767,-0.532209,0.715929,0.451884,-0.532209,0.715929,0.451884,-0.532209,0.715929,0.451884,-0.532209,0.71593,0.451883,-0.532209,0.71593,0.451883,-0.532209,0.71593,0.451883,-0.103703,1.06971e-06,-0.994608,-0.103703,1.06971e-06,-0.994608,-0.103703,1.06971e-06,-0.994608,-0.103703,-3.2702e-07,-0.994608,-0.103703,-3.2702e-07,-0.994608,-0.103703,-3.2702e-07,-0.994608,-3.26249e-11,-1,0,-3.26249e-11,-1,0,-3.26249e-11,-1,0,-3.26249e-11,-1,0,1,0,0,1,0,0,1,0,0,1,0,0,-0.0287224,0.999587,-7.84768e-09,-0.0287224,0.999587,-7.84768e-09,-0.0287224,0.999587,-7.84768e-09,-0.0287224,0.999587,-7.84768e-09,1,0,0,1,0,0,1,0,0,1,0,0,0.0299979,-0.992222,0.12081,0.0299979,-0.992222,0.12081,0.0299979,-0.992222,0.12081,0.0299979,-0.992222,0.12081,0,2.62676e-07,1,0,2.62676e-07,1,0,2.62676e-07,1,0.0759622,-0.949022,0.305922,0.0759622,-0.949022,0.305922,0.0759622,-0.949022,0.305922,0.0759621,-0.949022,0.305921,0.0759621,-0.949022,0.305921,0.0759621,-0.949022,0.305921,-1,0,-5.24374e-07,-1,0,-5.24374e-07,-1,0,-5.24374e-07,-1,0,1.1987e-07,-1,0,1.1987e-07,-1,0,1.1987e-07,-0.606068,-0.761335,0.230325,-0.606068,-0.761335,0.230325,-0.606068,-0.761335,0.230325,-0.606068,-0.761335,0.230325,-0.606068,-0.761335,0.230325,-0.606068,-0.761335,0.230325,-0.606068,-0.761336,0.230325,-0.606068,-0.761336,0.230325,-0.606068,-0.761336,0.230325,-0.0287222,0.999587,1.67647e-08,-0.0287222,0.999587,1.67647e-08,-0.0287222,0.999587,1.67647e-08,0.258132,0.71235,0.65263,0.258132,0.71235,0.65263,0.258132,0.71235,0.65263,0.258132,0.71235,0.65263,-0.0287222,0.999587,-1.30483e-07,-0.0287222,0.999587,-1.30483e-07,-0.0287222,0.999587,-1.30483e-07,0.33386,0.941705,-0.0415922,0.33386,0.941705,-0.0415922,0.33386,0.941705,-0.0415922,0.33386,0.941705,-0.0415922]},"texCoord0":{"type":"float32","components":2,