{"model":{"version":3,"nodes":[{"name":"RootNode","position":[0,0,0],"rotation":[0,0,0],"scale":[0.01,0.01,0.01],"scaleCompensation":false},{"name":"Rock_Flat_m_2C_10","position":[0,0,0],"rotation":[0,0,0],"scale":[1,1,1],"scaleCompensation":false}],"parents":[-1,0],"skins":[],"morphs":[],"vertices":[{"position":{"type":"float32","components":3,"data":[103.403,12.1019,15.0582,93.319,13.1449,41.8159,85.7575,-6.32516e-08,30.2366,97.5206,0,13.6893,-52.6421,11.0435,49.4317,-83.7433,14.1965,40.3856,-74.3226,-2.16575e-07,36.2788,-47.9318,1.92511e-07,45.3249,-88.9594,-2.40638e-08,-14.2214,-98.3801,12.8878,-15.5903,-79.0174,4.09085e-07,-32.0217,-88.4381,11.5683,-36.1285,81.8033,6.5213e-07,-30.8142,47.1033,0,-41.0679,51.8136,13.1442,-45.1747,90.6232,12.6189,-38.4004,-74.3226,-2.16575e-07,36.2788,-47.1033,0,4.65335,-47.9318,1.92511e-07,45.3249,-94.2066,0,13.6893,47.1033,19.4595,3.72486,88.9794,19.4595,33.7841,97.5206,19.4595,13.6893,60.0831,19.4595,47.9855,51.8136,13.1442,-45.1747,81.8033,19.4595,-30.8142,90.6232,12.6189,-38.4004,47.1033,19.4595,-41.0679,-88.4381,11.5683,-36.1285,-98.3801,12.8878,-15.5903,-88.9594,19.4595,-14.2214,-79.0174,19.4595,-32.0217,-52.6421,11.0435,49.4317,-74.3226,19.4595,36.2788,-83.7433,14.1965,40.3856,-47.9318,19.4595,45.3249,88.9794,19.4595,33.7841,103.403,12.1019,15.0582,97.5206,19.4595,13.6893,93.319,13.1449,41.8159,64.7934,13.1631,52.0923,93.319,13.1449,41.8159,88.9794,19.4595,33.7841,60.0831,19.4595,47.9855,60.0831,19.4595,47.9855,5.79949,19.4595,50.6461,5.7995,13.6913,54.7529,64.7934,13.1631,52.0923,-47.9318,19.4595,45.3249,5.7995,13.6913,54.7529,5.79949,19.4595,50.6461,-52.6421,11.0435,49.4317,-51.8136,9.72975,-45.1746,-88.4381,11.5683,-36.1285,-79.0174,19.4595,-32.0217,-47.1033,19.4595,-41.0679,-1.03602e-05,12.6189,-45.1747,-51.8136,9.72975,-45.1746,-47.1033,19.4595,-41.0679,-4.31366e-06,19.4595,-41.0679,-1.03602e-05,12.6189,-45.1747,47.1033,19.4595,-41.0679,51.8136,13.1442,-45.1747,-4.31366e-06,19.4595,-41.0679,-47.1033,19.4595,1.02244e-05,-74.3226,19.4595,36.2788,-47.9318,19.4595,45.3249,-94.2066,19.4595,13.6893,-47.9318,19.4595,45.3249,2.51519e-07,19.4595,2.39456,-47.1033,19.4595,1.02244e-05,5.79949,19.4595,50.6461,5.79949,19.4595,50.6461,47.1033,19.4595,3.72486,2.51519e-07,19.4595,2.39456,60.0831,19.4595,47.9855,47.1033,0,5.59873,85.7575,-6.32516e-08,30.2366,60.0831,-2.40638e-08,47.9855,97.5206,0,13.6893,5.79949,2.16575e-07,50.6461,47.1033,0,5.59873,60.0831,-2.40638e-08,47.9855,4.68107e-07,0,4.45657,-47.9318,1.92511e-07,45.3249,4.68107e-07,0,4.45657,5.79949,2.16575e-07,50.6461,-47.1033,0,4.65335,-79.0174,4.09085e-07,-32.0217,-51.8136,9.72975,-45.1746,-47.1033,0,-41.0679,-88.4381,11.5683,-36.1285,-47.1033,0,-41.0679,-1.03602e-05,12.6189,-45.1747,-4.31366e-06,0,-41.0679,-51.8136,9.72975,-45.1746,47.1033,0,-41.0679,-4.31366e-06,0,-41.0679,-1.03602e-05,12.6189,-45.1747,51.8136,13.1442,-45.1747,64.7934,13.1631,52.0923,85.7575,-6.32516e-08,30.2366,93.319,13.1449,41.8159,60.0831,-2.40638e-08,47.9855,5.7995,13.6913,54.7529,60.0831,-2.40638e-08,47.9855,64.7934,13.1631,52.0923,5.79949,2.16575e-07,50.6461,-47.9318,1.92511e-07,45.3249,5.7995,13.6913,54.7529,-52.6421,11.0435,49.4317,5.79949,2.16575e-07,50.6461,4.68107e-07,0,4.45657,-47.1033,0,-41.0679,-4.31366e-06,0,-41.0679,-47.1033,0,4.65335,47.1033,0,-41.0679,47.1033,0,5.59873,94.2066,0,-13.6893,47.1033,0,5.59873,81.8033,6.5213e-07,-30.8142,47.1033,0,-41.0679,94.2066,0,-13.6893,97.5206,0,13.6893,47.1033,19.4595,-41.0679,-4.31366e-06,19.4595,-41.0679,-47.1033,19.4595,1.02244e-05,-4.31366e-06,19.4595,-41.0679,-47.1033,19.4595,-41.0679,2.51519e-07,19.4595,2.39456,-88.9594,19.4595,-14.2214,-47.1033,19.4595,1.02244e-05,-79.0174,19.4595,-32.0217,-47.1033,19.4595,-41.0679,-88.9594,19.4595,-14.2214,-94.2066,19.4595,13.6893,90.6232,12.6189,-38.4004,94.2066,19.4595,-13.6893,100.089,9.72975,-15.0582,81.8033,19.4595,-30.8142,103.403,12.1019,15.0582,94.2066,19.4595,-13.6893,97.5206,19.4595,13.6893,100.089,9.72975,-15.0582,-94.2066,19.4595,13.6893,-83.7433,14.1965,40.3856,-74.3226,19.4595,36.2788,-103.627,16.0458,15.0582,-98.3801,12.8878,-15.5903,-103.627,16.0458,15.0582,-94.2066,19.4595,13.6893,-88.9594,19.4595,-14.2214,81.8033,19.4595,-30.8142,94.2066,19.4595,-13.6893,47.1033,19.4595,3.72486,97.5206,19.4595,13.6893,94.2066,19.4595,-13.6893,-47.1033,0,4.65335,-79.0174,4.09085e-07,-32.0217,-47.1033,0,-41.0679,-88.9594,-2.40638e-08,-14.2214,-47.1033,0,4.65335,-94.2066,0,13.6893,-88.9594,-2.40638e-08,-14.2214,-74.3226,-2.16575e-07,36.2788,-103.627,16.0458,15.0582,-94.2066,0,13.6893,-83.7433,14.1965,40.3856,-94.2066,0,13.6893,-98.3801,12.8878,-15.5903,-88.9594,-2.40638e-08,-14.2214,-103.627,16.0458,15.0582,81.8033,6.5213e-07,-30.8142,100.089,9.72975,-15.0582,94.2066,0,-13.6893,90.6232,12.6189,-38.4004,97.5206,0,13.6893,100.089,9.72975,-15.0582,103.403,12.1019,15.0582,94.2066,0,-13.6893]},"normal":{"type":"float32","components":3,