{"model":{"version":3,"nodes":[{"name":"RootNode","position":[0,0,0],"rotation":[0,0,0],"scale":[0.01,0.01,0.01],"scaleCompensation":false},{"name":"Rock_Flat_m_2C_07","position":[0,0,0],"rotation":[0,0,0],"scale":[1,1,1],"scaleCompensation":false}],"parents":[-1,0],"skins":[],"morphs":[],"vertices":[{"position":{"type":"float32","components":3,"data":[9.81287,-0.0546047,31.0293,32.6211,17.8971,32.9865,-29.4599,18.5223,32.9865,48.3293,-0.0818231,4.88708,48.8288,12.5551,16.8126,32.6211,17.8971,32.9865,42.3367,7.92525,-22.6308,23.9053,-0.0645396,-27.9708,36.25,6.86266,-27.2119,46.8111,-0.080746,-3.55246,8.03845,-0.0533212,-28.9625,-23.7254,-0.0308728,-17.3336,-30.1719,30.1308,-31.4062,28.4143,32.219,24.31,43.4144,31.7774,0.628918,38.8869,31.9107,-24.4445,-37.6862,34.1651,-19.8559,-30.1719,30.1308,-31.4062,-40.8881,31.2995,-28.2803,-29.4599,18.5223,32.9865,28.4143,32.219,24.31,-40.3042,34.2422,14.0726,32.6211,17.8971,32.9865,9.81287,-0.0546047,31.0293,48.3293,-0.0818231,4.88708,32.6211,17.8971,32.9865,48.3293,-0.0818231,4.88708,9.81287,-0.0546047,31.0293,46.8111,-0.080746,-3.55246,48.8288,12.5551,16.8126,48.3293,-0.0818231,4.88708,43.4144,31.7774,0.628918,38.5257,30.9968,-27.1141,38.8869,31.9107,-24.4445,40.6589,14.8416,-26.9511,8.03845,-0.0533212,-28.9625,-30.1719,30.1308,-31.4062,38.5257,30.9968,-27.1141,-56.0116,11.2591,-0.710603,-55.7268,20.9323,-18.1955,-55.983,12.2322,-13.9289,-55.983,12.2322,-13.9289,-55.7268,20.9323,-18.1955,-40.8881,31.2995,-28.2803,-47.3138,19.6759,29.1562,-47.0577,29.5198,18.5942,-52.9208,25.3998,22.1804,-47.0577,29.5198,18.5942,-55.6715,22.812,12.8165,-52.9208,25.3998,22.1804,-44.1787,5.08719,20.5164,-47.3138,19.6759,29.1562,-52.9208,25.3998,22.1804,-31.0142,-0.0257327,20.5815,-44.1787,5.08719,20.5164,-56.0116,11.2591,-0.710603,9.81287,-0.0546047,31.0293,-29.4599,18.5223,32.9865,-31.0142,-0.0257327,20.5815,-55.7268,20.9323,-18.1955,-40.3042,34.2422,14.0726,-37.6862,34.1651,-19.8559,-47.0577,29.5198,18.5942,-47.3138,19.6759,29.1562,-44.1787,5.08719,20.5164,-29.4599,18.5223,32.9865,-31.0142,-0.0257327,20.5815,-23.7254,-0.0308728,-17.3336,-31.0142,-0.0257327,20.5815,-56.0116,11.2591,-0.710603,-55.983,12.2322,-13.9289,28.4143,32.219,24.31,48.8288,12.5551,16.8126,43.4144,31.7774,0.628918,32.6211,17.8971,32.9865,-23.7254,-0.0308728,-17.3336,9.81287,-0.0546047,31.0293,-31.0142,-0.0257327,20.5815,8.03845,-0.0533212,-28.9625,-56.0116,11.2591,-0.710603,-55.6715,22.812,12.8165,-55.7268,20.9323,-18.1955,-40.8881,31.2995,-28.2803,-55.7268,20.9323,-18.1955,-37.6862,34.1651,-19.8559,-40.8881,31.2995,-28.2803,-30.1719,30.1308,-31.4062,-23.7254,-0.0308728,-17.3336,-23.7254,-0.0308728,-17.3336,-55.983,12.2322,-13.9289,-40.8881,31.2995,-28.2803,-47.3138,19.6759,29.1562,-29.4599,18.5223,32.9865,-47.0577,29.5198,18.5942,-40.3042,34.2422,14.0726,-47.0577,29.5198,18.5942,-29.4599,18.5223,32.9865,-47.0577,29.5198,18.5942,-55.7268,20.9323,-18.1955,-55.6715,22.812,12.8165,-52.9208,25.3998,22.1804,-55.6715,22.812,12.8165,-44.1787,5.08719,20.5164,-56.0116,11.2591,-0.710603,-44.1787,5.08719,20.5164,-55.6715,22.812,12.8165,38.8869,31.9107,-24.4445,-30.1719,30.1308,-31.4062,-37.6862,34.1651,-19.8559,38.5257,30.9968,-27.1141,-40.3042,34.2422,14.0726,28.4143,32.219,24.31,-37.6862,34.1651,-19.8559,38.8869,31.9107,-24.4445,43.4144,31.7774,0.628918,40.6589,14.8416,-26.9511,38.8869,31.9107,-24.4445,42.3367,7.92525,-22.6308,43.4144,31.7774,0.628918,46.8111,-0.080746,-3.55246,42.3367,7.92525,-22.6308,48.3293,-0.0818231,4.88708,40.6589,14.8416,-26.9511,42.3367,7.92525,-22.6308,36.25,6.86266,-27.2119,40.6589,14.8416,-26.9511,36.25,6.86266,-27.2119,38.5257,30.9968,-27.1141,38.5257,30.9968,-27.1141,23.9053,-0.0645396,-27.9708,8.03845,-0.0533212,-28.9625,36.25,6.86266,-27.2119,9.81287,-0.0546047,31.0293,8.03845,-0.0533212,-28.9625,23.9053,-0.0645396,-27.9708,46.8111,-0.080746,-3.55246]},"normal":{"type":"float32","components":3,"data":[-0.00107794,-0.10703,0.994255,-0.00107794,-0.10703,0.994255,-0.00107794,-0.10703,0.994255,0.437527,-0.626247,0.645278,0.437527,-0.626247,0.645278,0.437527,-0.626247,0.645278,0.461183,-0.774408,-0.43313,0.461183,-0.774408,-0.43313,0.461183,-0.774408,-0.43313,0.461183,-0.774408,-0.43313,-0.306341,-0.455474,-0.835882,-0.306341,-0.455474,-0.835882,-0.306341,-0.455474,-0.835882,0.0294282,0.999567,3.68365e-07,0.0294282,0.999567,3.68365e-07,0.0294282,0.999567,3.68365e-07,0.00837612,0.945721,-0.324873,0.00837612,0.945721,-0.324873,0.00837612,0.945721,-0.324873,-0.045026,0.663401,0.746908,-0.045026,0.663401,0.746908,-0.045026,0.663401,0.746908,-0.045026,0.663401,0.746908,0.437527,-0.626247,0.645279,0.437527,-0.626247,0.645279,0.437527,-0.626247,0.645279,-0.000706972,-1,-4.4643e-07,-0.000706972,-1,-4.4643e-07,-0.000706972,-1,-4.4643e-07,0.976218,0.12713,-0.1756,0.976218,0.12713,-0.1756,0.976218,0.12713,-0.1756,0.976218,0.12713,-0.175603,0.976218,0.12713,-0.175603,0.976218,0.12713,-0.175603,0.0623798,-0.00183633,-0.998051,0.0623798,-0.00183633,-0.998051,0.0623798,-0.00183633,-0.998051,-0.999567,0.0294303,0,-0.999567,0.0294303,0,-0.999567,0.0294303,0,-0.296241,-0.4135,-0.860964,-0.296241,-0.4135,-0.860964,-0.296241,-0.4135,-0.860964,-0.0981733,0.729192,0.67723,-0.0981733,0.729192,0.67723,-0.0981733,0.729192,0.67723,-0.593627,0.80333,-0.0476321,-0.593627,0.80333,-0.0476321,-0.593627,0.80333,-0.0476321,-0.84682,-0.393747,0.357574,-0.84682,-0.393747,0.357574,-0.84682,-0.393747,0.357574,-0.360874,-0.93004,-0.069248,-0.360874,-0.93004,-0.069248,-0.360874,-0.93004,-0.069248,-0.210391,-0.531243,0.82068,-0.210391,-0.531243,0.82068,-0.210391,-0.531243,0.82068,-0.593627,0.80333,-0.0476316,-0.593627,0.80333,-0.0476316,-0.593627,0.80333,-0.0476316,-0.593627,0.80333,-0.0476316,-0.210391,-0.531243,0.82068,-0.210391,-0.531243,0.82068,-0.210391,-0.531243,0.82068,-0.210391,-0.531243,0.82068,-0.360874,-0.93004,-0.0692479,-0.360874,-0.93004,-0.0692479,-0.360874,-0.93004,-0.0692479,-0.360874,-0.93004,-0.0692479,0.696546,0.545351,0.466278,0.696546,0.545351,0.466278,0.696546,0.545351,0.466278,0.696546,0.545351,0.466278,-0.000706986,-1,-4.28925e-07,-0.000706986,-1,-4.28925e-07,-0.000706986,-1,-4.28925e-07,-0.000706986,-1,-4.28925e-07,-0.999567,0.0294294,-3.35616e-07,-0.999567,0.0294294,-3.35616e-07,-0.999567,0.0294294,-3.35616e-07,-0.593627,0.803329,-0.0476315,-0.593627,0.803329,-0.0476315,-0.593627,0.803329,-0.0476315,-0.294737,-0.455044,-0.840276,-0.294737,-0.455044,-0.840276,-0.294737,-0.455044,-0.840276,-0.258628,-0.441813,-0.859019,-0.258628,-0.441813,-0.859019,-0.258628,-0.441813,-0.859019,-0.0981738,0.729192,0.67723,-0.0981738,0.729192,0.67723,-0.0981738,0.729192,0.67723,-0.0768437,0.744679,0.662984,-0.0768437,0.744679,0.662984,-0.0768437,0.744679,0.662984,-0.593627,0.80333,-0.0476317,-0.593627,0.80333,-0.0476317,-0.593627,0.80333,-0.0476317,-0.84682,-0.393747,0.357573,-0.84682,-0.393747,0.357573,-0.84682,-0.393747,0.357573,-0.84682,-0.393747,0.357573,-0.84682,-0.393747,0.357573,-0.84682,-0.393747,0.357573,0.00837608,0.94572,-0.324874,0.00837608,0.94572,-0.324874,0.00837608,0.94572,-0.324874,0.00837608,0.94572,-0.324874,0.0294291,0.999567,4.40156e-07,0.0294291,0.999567,4.40156e-07,0.0294291,0.999567,4.40156e-07,0.0294291,0.999567,4.40156e-07,0.976218,0.12713,-0.175601,0.976218,0.12713,-0.175601,0.976218,0.12713,-0.175601,0.976218,0.12713,-0.175601,0.976218,0.12713,-0.175601,0.976218,0.12713,-0.175601,0.976218,0.12713,-0.175601,0.976218,0.12713,-0.175601,0.605619,-0.310692,-0.732595,0.605619,-0.310692,-0.732595,0.605619,-0.310692,-0.732595,0.0623791,-0.00183653,-0.998051,0.0623791,-0.00183653,-0.998051,0.0623791,-0.00183653,-0.998051,0.0623799,-0.00183625,-0.998051,0.0623799,-0.00183625,-0.998051,0.0623799,-0.00183625,-0.998051,0.0623799,-0.00183625,-0.998051,-0.000707005,-1,-4.83913e-07,-0.000707005,-1,-4.83913e-07,-0.000707005,-1,-4.83913e-07,-0.000707005,-1,-4.83913e-07]},"texCoord0":{"type":"float32","components":2,