{"model":{"version":3,"nodes":[{"name":"RootNode","position":[0,0,0],"rotation":[0,0,0],"scale":[0.01,0.01,0.01],"scaleCompensation":false},{"name":"Rock_Flat_m_2C_02","position":[0,0,0],"rotation":[0,0,0],"scale":[1,1,1],"scaleCompensation":false}],"parents":[-1,0],"skins":[],"morphs":[],"vertices":[{"position":{"type":"float32","components":3,"data":[29.1389,-7.43523e-05,-48.1874,62.0067,3.31005,19.9358,58.9249,-7.43523e-05,42.9614,59.7082,27.764,25.236,23.0928,24.3425,67.2301,55.9444,19.3752,55.2731,58.6313,-7.43523e-05,45.0154,21.9292,7.49876,67.6536,-4.49925,-7.43523e-05,66.0324,-24.4494,-7.43523e-05,64.639,-54.2346,8.93147,45.2937,-63.7855,-7.43523e-05,-12.3032,-41.7244,7.42721,63.2098,-30.9229,30.0415,63.2865,-34.3911,30.7363,58.1408,-64.5801,-7.43523e-05,-39.5261,-66.5181,-7.43523e-05,-29.1617,-66.0161,12.1792,-27.8754,-66.0161,12.1792,-27.8754,-63.7855,-7.43523e-05,-12.3032,-54.9334,15.7277,39.9726,-58.1853,21.4873,-66.7204,-52.7359,26.0019,-68.7038,-58.7632,12.653,-66.51,-17.7867,26.0019,-81.4243,-13.6983,17.7571,-82.9123,-20.2765,8.65846,-80.518,-34.3911,30.7363,58.1408,-54.2346,8.93147,45.2937,-41.7244,7.42721,63.2098,-54.9334,15.7277,39.9726,-13.6983,17.7571,-82.9123,-17.7867,26.0019,-81.4243,-4.35527,37.0182,-65.8325,42.5412,34.2689,-33.5453,36.1634,10.2119,-51.0682,23.9891,36.5677,-45.667,29.1389,-7.43523e-05,-48.1874,38.4286,2.55825,-44.8446,62.0067,3.31005,19.9358,59.7082,27.764,25.236,14.4354,26.8486,66.5503,23.0928,24.3425,67.2301,29.1389,-7.43523e-05,-48.1874,58.9249,-7.43523e-05,42.9614,-4.49925,-7.43523e-05,66.0324,-63.7855,-7.43523e-05,-12.3032,58.6313,-7.43523e-05,45.0154,56.7857,6.7197,54.9669,21.9292,7.49876,67.6536,-24.4494,-7.43523e-05,64.639,-41.7244,7.42721,63.2098,-54.2346,8.93147,45.2937,-17.7867,26.0019,-81.4243,-37.5012,37.0182,-53.7683,-4.35527,37.0182,-65.8325,-52.7359,26.0019,-68.7038,21.9292,7.49876,67.6536,23.0928,24.3425,67.2301,14.4354,26.8486,66.5503,-10.641,-7.43523e-05,-69.6595,-64.5801,-7.43523e-05,-39.5261,-58.7632,12.653,-66.51,-20.2765,8.65846,-80.518,-41.7244,7.42721,63.2098,-24.4494,-7.43523e-05,64.639,-30.9229,30.0415,63.2865,-4.49925,-7.43523e-05,66.0324,21.9292,7.49876,67.6536,14.4354,26.8486,66.5503,-13.6983,17.7571,-82.9123,29.1389,-7.43523e-05,-48.1874,-10.641,-7.43523e-05,-69.6595,36.1634,10.2119,-51.0682,-54.2346,8.93147,45.2937,-54.9334,15.7277,39.9726,-63.7855,-7.43523e-05,-12.3032,-66.0161,12.1792,-27.8754,-66.5181,-7.43523e-05,-29.1617,-63.7855,-7.43523e-05,-12.3032,-33.4347,36.2351,-2.26683,-4.35527,37.0182,-65.8325,-37.5012,37.0182,-53.7683,23.9891,36.5677,-45.667,-13.6983,17.7571,-82.9123,23.9891,36.5677,-45.667,36.1634,10.2119,-51.0682,-4.35527,37.0182,-65.8325,-54.9334,15.7277,39.9726,-34.3911,30.7363,58.1408,-33.4347,36.2351,-2.26683,-64.5801,-7.43523e-05,-39.5261,-58.1853,21.4873,-66.7204,-58.7632,12.653,-66.51,-66.0161,12.1792,-27.8754,-52.7359,26.0019,-68.7038,-58.1853,21.4873,-66.7204,-37.5012,37.0182,-53.7683,-66.0161,12.1792,-27.8754,-54.9334,15.7277,39.9726,-33.4347,36.2351,-2.26683,-66.0161,12.1792,-27.8754,-37.5012,37.0182,-53.7683,-58.1853,21.4873,-66.7204,-33.4347,36.2351,-2.26683,60.8683,28.4657,16.8081,42.5412,34.2689,-33.5453,-33.4347,36.2351,-2.26683,23.9891,36.5677,-45.667,-33.4347,36.2351,-2.26683,42.5412,34.2689,-33.5453,-34.3911,30.7363,58.1408,-30.9229,30.0415,63.2865,14.4354,26.8486,66.5503,14.4354,26.8486,66.5503,-30.9229,30.0415,63.2865,-4.49925,-7.43523e-05,66.0324,-24.4494,-7.43523e-05,64.639,60.8683,28.4657,16.8081,-33.4347,36.2351,-2.26683,59.7082,27.764,25.236,60.8683,28.4657,16.8081,59.7082,27.764,25.236,62.0067,3.31005,19.9358,55.9444,19.3752,55.2731,56.7857,6.7197,54.9669,58.9249,-7.43523e-05,42.9614,58.6313,-7.43523e-05,45.0154,58.9249,-7.43523e-05,42.9614,56.7857,6.7197,54.9669,62.0067,3.31005,19.9358,38.4286,2.55825,-44.8446,42.5412,34.2689,-33.5453,60.8683,28.4657,16.8081,-66.5181,-7.43523e-05,-29.1617,-64.5801,-7.43523e-05,-39.5261,-63.7855,-7.43523e-05,-12.3032,-10.641,-7.43523e-05,-69.6595,29.1389,-7.43523e-05,-48.1874,-63.7855,-7.43523e-05,-12.3032,58.6313,-7.43523e-05,45.0154,-4.49925,-7.43523e-05,66.0324,-24.4494,-7.43523e-05,64.639,-63.7855,-7.43523e-05,-12.3032,-63.7855,-7.43523e-05,-12.3032,-64.5801,-7.43523e-05,-39.5261,-10.641,-7.43523e-05,-69.6595,58.9249,-7.43523e-05,42.9614,59.7082,27.764,25.236,55.9444,19.3752,55.2731,62.0067,3.31005,19.9358,-10.641,-7.43523e-05,-69.6595,-20.2765,8.65846,-80.518,-13.6983,17.7571,-82.9123,14.4354,26.8486,66.5503,-33.4347,36.2351,-2.26683,-34.3911,30.7363,58.1408,59.7082,27.764,25.236,38.4286,2.55825,-44.8446,29.1389,-7.43523e-05,-48.1874,36.1634,10.2119,-51.0682,36.1634,10.2119,-51.0682,42.5412,34.2689,-33.5453,38.4286,2.55825,-44.8446,-20.2765,8.65846,-80.518,-52.7359,26.0019,-68.7038,-17.7867,26.0019,-81.4243,-58.7632,12.653,-66.51,55.9444,19.3752,55.2731,23.0928,24.3425,67.2301,21.9292,7.49876,67.6536,56.7857,6.7197,54.9669]},"normal":{"type":"float32","components":3,