{"model":{"version":3,"nodes":[{"name":"RootNode","position":[0,0,0],"rotation":[0,0,0],"scale":[0.01,0.01,0.01],"scaleCompensation":false},{"name":"Rock_Flat_m_2C_01","position":[0,0,0],"rotation":[0,0,0],"scale":[1,1,1],"scaleCompensation":false}],"parents":[-1,0],"skins":[],"morphs":[],"vertices":[{"position":{"type":"float32","components":3,"data":[-57.0125,28.5911,-11.8912,-52.3244,3.43561,-38.4966,-57.576,5.46464,-29.649,49.1814,32.0165,-17.0972,63.0136,8.35957,-14.2137,46.2012,-0.249164,-30.4034,-49.0342,16.6529,40.9947,-42.7873,-0.249174,43.1849,-34.0186,-0.249174,49.2014,-48.0282,1.77572,39.8401,-53.9559,34.7617,14.6556,-57.0125,28.5911,-11.8912,32.2371,32.553,47.723,43.1454,37.5809,8.51953,-16.1639,41.6715,37.8236,43.1454,37.5809,8.51953,43.0243,32.4715,38.5175,60.5179,7.08168,16.5863,63.0136,8.35957,-14.2137,46.2012,-0.249171,26.7413,46.2012,-0.249164,-30.4034,-42.7873,-0.249163,-38.6515,-52.3244,3.43561,-38.4966,-31.5562,20.2059,-53.6165,-57.0125,28.5911,-11.8912,-31.5562,20.2059,-53.6165,-52.3244,3.43561,-38.4966,46.2012,-0.249164,-30.4034,17.0501,-0.249161,-53.407,49.1814,32.0165,-17.0972,-1.12307,19.8661,-60.9185,49.1814,32.0165,-17.0972,17.0501,-0.249161,-53.407,32.2371,32.553,47.723,-8.23665,38.6965,48.1115,14.6845,7.5511,55.7333,-24.9849,11.12,56.8093,-48.0282,1.77572,39.8401,-42.7873,-0.249174,43.1849,-49.0342,16.6529,40.9947,-57.0125,28.5911,-11.8912,-57.576,5.46464,-29.649,-48.0282,1.77572,39.8401,-48.0282,1.77572,39.8401,-49.0342,16.6529,40.9947,-53.9559,34.7617,14.6556,-16.1639,41.6715,37.8236,-8.23665,38.6965,48.1115,32.2371,32.553,47.723,32.2371,32.553,47.723,43.0243,32.4715,38.5175,43.1454,37.5809,8.51953,-1.12307,19.8661,-60.9185,-16.1639,41.6715,37.8236,43.1454,37.5809,8.51953,-31.5562,20.2059,-53.6165,63.0136,8.35957,-14.2137,60.5179,7.08168,16.5863,46.2012,-0.249171,26.7413,17.9332,-0.249175,50.8052,-34.0186,-0.249174,49.2014,-42.7873,-0.249163,-38.6515,-42.7873,-0.249174,43.1849,-42.7873,-0.249163,-38.6515,-34.0186,-0.249174,49.2014,17.0501,-0.249161,-53.407,46.2012,-0.249164,-30.4034,46.2012,-0.249171,26.7413,46.2012,-0.249171,26.7413,43.0243,32.4715,38.5175,32.2371,32.553,47.723,17.9332,-0.249175,50.8052,-42.7873,-0.249163,-38.6515,-1.12307,19.8661,-60.9185,17.0501,-0.249161,-53.407,-31.5562,20.2059,-53.6165,-57.576,5.46464,-29.649,-52.3244,3.43561,-38.4966,-42.7873,-0.249163,-38.6515,-42.7873,-0.249163,-38.6515,46.2012,-0.249171,26.7413,17.9332,-0.249175,50.8052,17.0501,-0.249161,-53.407,49.1814,32.0165,-17.0972,-1.12307,19.8661,-60.9185,43.1454,37.5809,8.51953,-31.5562,20.2059,-53.6165,-57.0125,28.5911,-11.8912,-16.1639,41.6715,37.8236,-53.9559,34.7617,14.6556,-16.1639,41.6715,37.8236,-57.0125,28.5911,-11.8912,-34.0186,-0.249174,49.2014,-29.2577,18.8669,54.8384,-49.0342,16.6529,40.9947,-24.9849,11.12,56.8093,-8.23665,38.6965,48.1115,-16.1639,41.6715,37.8236,-29.2577,18.8669,54.8384,46.2012,-0.249171,26.7413,60.5179,7.08168,16.5863,43.0243,32.4715,38.5175,-16.1639,41.6715,37.8236,-53.9559,34.7617,14.6556,-49.0342,16.6529,40.9947,-29.2577,18.8669,54.8384,14.6845,7.5511,55.7333,17.9332,-0.249175,50.8052,32.2371,32.553,47.723,-48.0282,1.77572,39.8401,-42.7873,-0.249163,-38.6515,-42.7873,-0.249174,43.1849,-57.576,5.46464,-29.649,-8.23665,38.6965,48.1115,-29.2577,18.8669,54.8384,-24.9849,11.12,56.8093,-34.0186,-0.249174,49.2014,17.9332,-0.249175,50.8052,-24.9849,11.12,56.8093,14.6845,7.5511,55.7333,43.1454,37.5809,8.51953,63.0136,8.35957,-14.2137,49.1814,32.0165,-17.0972,60.5179,7.08168,16.5863]},"normal":{"type":"float32","components":3,"data":[-0.731581,0.426329,-0.532008,-0.731581,0.426329,-0.532008,-0.731581,0.426329,-0.532008,0.598577,0.257532,-0.75854,0.598577,0.257532,-0.75854,0.598577,0.257532,-0.75854,-0.562823,-0.101718,0.820295,-0.562823,-0.101718,0.820295,-0.562823,-0.101718,0.820295,-0.988291,-0.0770459,0.131701,-0.988291,-0.0770459,0.131701,-0.988291,-0.0770459,0.131701,0.149538,0.974619,0.166604,0.149538,0.974619,0.166604,0.149538,0.974619,0.166604,0.854882,0.510875,0.0904646,0.854882,0.510875,0.0904646,0.854882,0.510875,0.0904646,0.455772,-0.890096,-1.09512e-07,0.455772,-0.890096,-1.09512e-07,0.455772,-0.890096,-1.09512e-07,-0.20721,-0.500981,-0.840287,-0.20721,-0.500981,-0.840287,-0.20721,-0.500981,-0.840287,-0.731581,0.42633,-0.532008,-0.731581,0.42633,-0.532008,-0.731581,0.42633,-0.532008,0.598577,0.257532,-0.75854,0.598577,0.257532,-0.75854,0.598577,0.257532,-0.75854,0.598577,0.257532,-0.75854,0.598577,0.257532,-0.75854,0.598577,0.257532,-0.75854,0.0505653,0.272354,0.960868,0.0505653,0.272354,0.960868,0.0505653,0.272354,0.960868,0.0505653,0.272354,0.960868,-0.562824,-0.101719,0.820294,-0.562824,-0.101719,0.820294,-0.562824,-0.101719,0.820294,-0.988291,-0.0770461,0.131701,-0.988291,-0.0770461,0.131701,-0.988291,-0.0770461,0.131701,-0.988291,-0.0770462,0.1317,-0.988291,-0.0770462,0.1317,-0.988291,-0.0770462,0.1317,0.149538,0.974619,0.166604,0.149538,0.974619,0.166604,0.149538,0.974619,0.166604,0.149539,0.974618,0.166604,0.149539,0.974618,0.166604,0.149539,0.974618,0.166604,-0.042287,0.974225,-0.221581,-0.042287,0.974225,-0.221581,-0.042287,0.974225,-0.221581,-0.042287,0.974225,-0.221581,0.455772,-0.890096,-1.59565e-07,0.455772,-0.890096,-1.59565e-07,0.455772,-0.890096,-1.59565e-07,-2.04684e-09,-1,-1.32738e-07,-2.04684e-09,-1,-1.32738e-07,-2.04684e-09,-1,-1.32738e-07,6.48913e-09,-1,-1.32865e-07,6.48913e-09,-1,-1.32865e-07,6.48913e-09,-1,-1.32865e-07,-2.79537e-09,-1,-1.32826e-07,-2.79537e-09,-1,-1.32826e-07,-2.79537e-09,-1,-1.32826e-07,0.634233,-0.206561,0.745038,0.634233,-0.206561,0.745038,0.634233,-0.206561,0.745038,0.634233,-0.206561,0.745038,-0.207209,-0.500982,-0.840286,-0.207209,-0.500982,-0.840286,-0.207209,-0.500982,-0.840286,-0.207209,-0.500982,-0.840286,-0.360399,-0.932798,-4.15827e-07,-0.360399,-0.932798,-4.15827e-07,-0.360399,-0.932798,-4.15827e-07,5.05278e-10,-1,-1.32935e-07,5.05278e-10,-1,-1.32935e-07,5.05278e-10,-1,-1.32935e-07,5.05278e-10,-1,-1.32935e-07,-0.0422875,0.974225,-0.221581,-0.0422875,0.974225,-0.221581,-0.0422875,0.974225,-0.221581,-0.0422873,0.974225,-0.221581,-0.0422873,0.974225,-0.221581,-0.0422873,0.974225,-0.221581,-0.0422869,0.974225,-0.221581,-0.0422869,0.974225,-0.221581,-0.0422869,0.974225,-0.221581,-0.562823,-0.101719,0.820295,-0.562823,-0.101719,0.820295,-0.562823,-0.101719,0.820295,-0.562823,-0.101719,0.820295,-0.467627,0.685168,0.558453,-0.467627,0.685168,0.558453,-0.467627,0.685168,0.558453,0.634233,-0.206561,0.745038,0.634233,-0.206561,0.745038,0.634233,-0.206561,0.745038,-0.467627,0.685168,0.558453,-0.467627,0.685168,0.558453,-0.467627,0.685168,0.558453,-0.467627,0.685168,0.558453,0.634233,-0.20656,0.745038,0.634233,-0.20656,0.745038,0.634233,-0.20656,0.745038,-0.360399,-0.932798,-1.23904e-07,-0.360399,-0.932798,-1.23904e-07,-0.360399,-0.932798,-1.23904e-07,-0.360399,-0.932798,-1.23904e-07,0.0505653,0.272354,0.960868,0.0505653,0.272354,0.960868,0.0505653,0.272354,0.960868,-0.0259391,-0.54164,0.840211,-0.0259391,-0.54164,0.840211,-0.0259391,-0.54164,0.840211,-0.0259391,-0.54164,0.840211,0.854882,0.510875,0.0904647,0.854882,0.510875,0.0904647,0.854882,0.510875,0.0904647,0.854882,0.510875,0.0904647]},"texCoord0":{"type":"float32","components":2,