{"model":{"version":3,"nodes":[{"name":"RootNode","position":[0,0,0],"rotation":[0,0,0],"scale":[0.01,0.01,0.01],"scaleCompensation":false},{"name":"Rock_Flat_m_2C_03","position":[0,0,0],"rotation":[0,0,0],"scale":[1,1,1],"scaleCompensation":false}],"parents":[-1,0],"skins":[],"morphs":[],"vertices":[{"position":{"type":"float32","components":3,"data":[39.7292,27.3314,-15.7647,11.8452,35.9783,-42.5859,38.9711,31.5073,-12.8037,-28.7533,36.3249,-18.2226,-39.5966,29.0961,-36.8801,-39.5966,29.0961,32.3019,-28.7533,36.3249,-18.2226,4.08242,36.5151,-43.0394,-27.2421,36.7106,-44.8694,30.3608,12.3726,-41.5042,21.7167,-7.43523e-05,-42.0092,11.8452,35.9783,-42.5859,21.7167,-7.43523e-05,-42.0092,39.7292,2.94489,-15.7647,35.5838,-7.43523e-05,0.425882,18.6661,10.033,35.9035,30.4984,-7.43523e-05,20.2877,28.4482,6.92437,28.2953,18.6661,10.033,35.9035,34.7738,30.2662,3.58946,2.78567,29.2102,37.2269,-9.08856,-7.43523e-05,38.2164,18.6661,10.033,35.9035,2.78567,29.2102,37.2269,-39.5966,29.0961,32.3019,-31.607,-7.43523e-05,-43.5636,-31.607,-7.43523e-05,39.7027,-39.5966,29.0961,-36.8801,34.7738,30.2662,3.58946,4.08242,36.5151,-43.0394,-28.7533,36.3249,-18.2226,2.78567,29.2102,37.2269,-31.2206,31.1179,40.0607,-35.5876,31.7687,36.0155,-39.5966,29.0961,32.3019,-9.08856,-7.43523e-05,38.2164,-31.607,-7.43523e-05,-43.5636,35.5838,-7.43523e-05,0.425882,-29.4766,-7.43523e-05,-44.9999,-29.4766,-7.43523e-05,-44.9999,4.08242,36.5151,-43.0394,21.7167,-7.43523e-05,-42.0092,-27.2421,36.7106,-44.8694,39.7292,27.3314,-15.7647,30.3608,12.3726,-41.5042,11.8452,35.9783,-42.5859,-39.5966,29.0961,32.3019,-35.5876,31.7687,36.0155,-28.7533,36.3249,-18.2226,-28.7533,36.3249,-18.2226,-27.2421,36.7106,-44.8694,-39.5966,29.0961,-36.8801,39.7292,27.3314,-15.7647,39.7292,2.94489,-15.7647,30.3608,12.3726,-41.5042,30.3608,2.64617,-41.5043,4.08242,36.5151,-43.0394,11.8452,35.9783,-42.5859,21.7167,-7.43523e-05,-42.0092,30.3608,12.3726,-41.5042,30.3608,2.64617,-41.5043,21.7167,-7.43523e-05,-42.0092,-39.5966,29.0961,-36.8801,-29.4766,-7.43523e-05,-44.9999,-31.607,-7.43523e-05,-43.5636,-27.2421,36.7106,-44.8694,21.7167,-7.43523e-05,-42.0092,30.3608,2.64617,-41.5043,39.7292,2.94489,-15.7647,18.6661,10.033,35.9035,-9.08856,-7.43523e-05,38.2164,30.4984,-7.43523e-05,20.2877,-31.2206,-7.43523e-05,40.0607,-31.607,-7.43523e-05,39.7027,-9.08856,-7.43523e-05,38.2164,21.7167,-7.43523e-05,-42.0092,35.5838,-7.43523e-05,0.425882,-29.4766,-7.43523e-05,-44.9999,30.4984,-7.43523e-05,20.2877,-31.607,-7.43523e-05,-43.5636,18.6661,10.033,35.9035,28.4482,6.92437,28.2953,34.7738,30.2662,3.58946,34.7738,30.2662,3.58946,38.9711,31.5073,-12.8037,11.8452,35.9783,-42.5859,11.8452,35.9783,-42.5859,4.08242,36.5151,-43.0394,34.7738,30.2662,3.58946,-28.7533,36.3249,-18.2226,-35.5876,31.7687,36.0155,2.78567,29.2102,37.2269,-31.2206,31.1179,40.0607,2.78567,29.2102,37.2269,-35.5876,31.7687,36.0155,2.78567,29.2102,37.2269,-31.2206,31.1179,40.0607,-9.08856,-7.43523e-05,38.2164,-31.2206,-7.43523e-05,40.0607,39.7292,27.3314,-15.7647,38.9711,31.5073,-12.8037,34.7738,30.2662,3.58946,34.7738,30.2662,3.58946,28.4482,6.92437,28.2953,30.4984,-7.43523e-05,20.2877,30.4984,-7.43523e-05,20.2877,35.5838,-7.43523e-05,0.425882,34.7738,30.2662,3.58946,-31.607,-7.43523e-05,39.7027,-31.2206,31.1179,40.0607,-39.5966,29.0961,32.3019,-31.2206,-7.43523e-05,40.0607,35.5838,-7.43523e-05,0.425882,39.7292,27.3314,-15.7647,34.7738,30.2662,3.58946,39.7292,2.94489,-15.7647]},"normal":{"type":"float32","components":3,"data":[0.674682,0.504514,-0.538767,0.674682,0.504514,-0.538767,0.674682,0.504514,-0.538767,-0.5547,0.83205,2.0686e-07,-0.5547,0.83205,2.0686e-07,-0.5547,0.83205,2.0686e-07,0.00537813,0.999876,0.0147771,0.00537813,0.999876,0.0147771,0.00537813,0.999876,0.0147771,0.0583198,0,-0.998298,0.0583198,0,-0.998298,0.0583198,0,-0.998298,0.296517,-0.950099,-0.096897,0.296517,-0.950099,-0.096897,0.296517,-0.950099,-0.096897,0.301912,-0.68151,0.666628,0.301912,-0.68151,0.666628,0.301912,-0.68151,0.666628,0.628795,0.4784,0.612984,0.628795,0.4784,0.612984,0.628795,0.4784,0.612984,0.0830455,-5.36798e-07,0.996546,0.0830455,-5.36798e-07,0.996546,0.0830455,-5.36798e-07,0.996546,-0.964306,-0.264789,4.04422e-08,-0.964306,-0.264789,4.04422e-08,-0.964306,-0.264789,4.04422e-08,-0.964306,-0.264789,4.04422e-08,0.0633749,0.993789,0.0914672,0.0633749,0.993789,0.0914672,0.0633749,0.993789,0.0914672,0.0633749,0.993789,0.0914672,-0.679562,9.56873e-07,0.733618,-0.679562,9.56873e-07,0.733618,-0.679562,9.56873e-07,0.733618,-1.89195e-14,-1,0,-1.89195e-14,-1,0,-1.89195e-14,-1,0,-1.89195e-14,-1,0,0.0583197,9.85247e-08,-0.998298,0.0583197,9.85247e-08,-0.998298,0.0583197,9.85247e-08,-0.998298,0.0583197,9.85247e-08,-0.998298,0.674683,0.504513,-0.538767,0.674683,0.504513,-0.538767,0.674683,0.504513,-0.538767,-0.5547,0.832051,6.38255e-08,-0.5547,0.832051,6.38255e-08,-0.5547,0.832051,6.38255e-08,-0.533004,0.845922,-0.0179841,-0.533004,0.845922,-0.0179841,-0.533004,0.845922,-0.0179841,0.939693,0,-0.34202,0.939693,0,-0.34202,0.939693,0,-0.34202,0.939693,0,-0.34202,0.0583196,0,-0.998298,0.0583196,0,-0.998298,0.0583196,0,-0.998298,0.0583188,0,-0.998298,0.0583188,0,-0.998298,0.0583188,0,-0.998298,-0.558606,0.0369468,-0.82861,-0.558606,0.0369468,-0.82861,-0.558606,0.0369468,-0.82861,-0.558606,0.0369468,-0.82861,0.296516,-0.9501,-0.0968968,0.296516,-0.9501,-0.0968968,0.296516,-0.9501,-0.0968968,0.301912,-0.681509,0.666629,0.301912,-0.681509,0.666629,0.301912,-0.681509,0.666629,0,-1,0,0,-1,0,0,-1,0,0,-1,0,0,-1,0,0,-1,0,0,-1,0,0,-1,0,0.628795,0.4784,0.612984,0.628795,0.4784,0.612984,0.628795,0.4784,0.612984,0.0633754,0.993789,0.0914672,0.0633754,0.993789,0.0914672,0.0633754,0.993789,0.0914672,0.0633738,0.993789,0.0914673,0.0633738,0.993789,0.0914673,0.0633738,0.993789,0.0914673,0.0633749,0.993789,0.0914672,0.0633749,0.993789,0.0914672,0.0633749,0.993789,0.0914672,0.0633748,0.993789,0.0914678,0.0633748,0.993789,0.0914678,0.0633748,0.993789,0.0914678,0.0830455,-1.74222e-07,0.996546,0.0830455,-1.74222e-07,0.996546,0.0830455,-1.74222e-07,0.996546,0.0830455,-1.74222e-07,0.996546,0.96875,3.75235e-07,0.248038,0.96875,3.75235e-07,0.248038,0.96875,3.75235e-07,0.248038,0.96875,0,0.248037,0.96875,0,0.248037,0.96875,0,0.248037,0.968751,-4.36181e-08,0.248037,0.968751,-4.36181e-08,0.248037,0.968751,-4.36181e-08,0.248037,-0.679562,-6.91052e-08,0.733618,-0.679562,-6.91052e-08,0.733618,-0.679562,-6.91052e-08,0.733618,-0.679562,-6.91052e-08,0.733618,0.96875,0,0.248038,0.96875,0,0.248038,0.96875,0,0.248038,0.96875,0,0.248038]},"texCoord0":{"type":"float32","components":2,