{"model":{"version":3,"nodes":[{"name":"RootNode","position":[0,0,0],"rotation":[0,0,0],"scale":[0.01,0.01,0.01],"scaleCompensation":false},{"name":"Rock_Flat_m_2C_04","position":[0,0,0],"rotation":[0,0,0],"scale":[1,1,1],"scaleCompensation":false}],"parents":[-1,0],"skins":[],"morphs":[],"vertices":[{"position":{"type":"float32","components":3,"data":[56.6456,12.5924,-19.8848,30.2738,0.00296156,-54.9896,41.8527,4.91508,-60.5279,53.7598,38.5519,-27.8134,41.8527,19.5396,-60.5279,26.8531,38.6627,-61.4042,5.12935,38.7521,49.9545,46.3246,38.5825,20.4254,5.12935,38.7521,-62.6733,-55.9956,0.00296156,46.9572,5.49204,0.00296156,53.6085,-17.9084,10.2684,65.1415,46.3246,38.5825,20.4254,39.9425,7.18798,45.3515,56.6456,12.5924,-19.8848,28.2034,0.00296156,-61.3253,36.3722,2.50369,-60.8481,30.2738,0.00296156,-54.9896,5.12935,38.7521,49.9545,-60.5507,16.5917,49.4106,-17.9084,10.2684,65.1415,15.3242,25.5814,62.3721,0.745765,7.6609,63.587,23.3866,15.8453,61.7002,36.3722,2.50369,-60.8481,41.8527,4.91508,-60.5279,30.2738,0.00296156,-54.9896,56.6456,12.5924,-19.8848,39.9425,7.18798,45.3515,23.5435,0.00296156,45.4331,23.5435,0.00296156,45.4331,30.2738,0.00296156,-54.9896,56.6456,12.5924,-19.8848,14.9363,38.7117,52.5225,15.3242,25.5814,62.3721,23.3866,15.8453,61.7002,26.8531,38.6627,-61.4042,41.8527,19.5396,-60.5279,28.2034,0.00296156,-61.3253,5.12935,38.7521,-62.6733,-21.9237,0.00296156,-64.2537,5.12935,38.7521,-62.6733,28.2034,0.00296156,-61.3253,-21.8335,29.6549,-64.2484,26.8531,38.6627,-61.4042,5.12935,38.7521,-62.6733,53.7598,38.5519,-27.8134,5.12935,38.7521,49.9545,14.9363,38.7117,52.5225,46.3246,38.5825,20.4254,46.3246,38.5825,20.4254,56.6456,38.5401,-19.8848,53.7598,38.5519,-27.8134,53.7598,38.5519,-27.8134,5.12935,38.7521,-62.6733,46.3246,38.5825,20.4254,0.745765,7.6609,63.587,-17.9084,10.2684,65.1415,5.49204,0.00296156,53.6085,-58.0289,7.4078,56.8823,-55.9956,0.00296156,46.9572,-17.9084,10.2684,65.1415,-60.5507,16.5917,4.29055,-60.5507,16.5917,49.4106,5.12935,38.7521,49.9545,-60.5507,16.5917,49.4106,-60.5507,16.5917,4.29055,-55.9956,0.00296156,46.9572,-55.9956,0.00296156,-3.87405,56.6456,12.5924,-19.8848,56.6456,38.5401,-19.8848,46.3246,38.5825,20.4254,46.3246,38.5825,20.4254,38.8326,10.9368,49.6867,39.9425,7.18798,45.3515,5.49204,0.00296156,53.6085,-55.9956,0.00296156,46.9572,-55.9956,0.00296156,-3.87405,53.7598,38.5519,-27.8134,56.6456,12.5924,-19.8848,41.8527,19.5396,-60.5279,41.8527,4.91508,-60.5279,28.2034,0.00296156,-61.3253,30.2738,0.00296156,-54.9896,-21.9237,0.00296156,-64.2537,23.5435,0.00296156,45.4331,5.49204,0.00296156,53.6085,-55.9956,0.00296156,-3.87405,53.7598,38.5519,-27.8134,56.6456,38.5401,-19.8848,56.6456,12.5924,-19.8848,-60.5507,16.5917,4.29055,-21.8335,29.6549,-64.2484,-55.9956,0.00296156,-3.87405,-21.9237,0.00296156,-64.2537,5.12935,38.7521,49.9545,0.745765,7.6609,63.587,15.3242,25.5814,62.3721,-17.9084,10.2684,65.1415,41.8527,19.5396,-60.5279,41.8527,4.91508,-60.5279,36.3722,2.50369,-60.8481,36.3722,2.50369,-60.8481,28.2034,0.00296156,-61.3253,41.8527,19.5396,-60.5279,-60.5507,16.5917,4.29055,5.12935,38.7521,49.9545,5.12935,38.7521,-62.6733,-21.8335,29.6549,-64.2484,14.9363,38.7117,52.5225,5.12935,38.7521,49.9545,15.3242,25.5814,62.3721,-60.5507,16.5917,49.4106,-58.0289,7.4078,56.8823,-17.9084,10.2684,65.1415,-58.0289,7.4078,56.8823,-60.5507,16.5917,49.4106,-55.9956,0.00296156,46.9572,23.3866,15.8453,61.7002,0.745765,7.6609,63.587,5.49204,0.00296156,53.6085,23.5435,0.00296156,45.4331,38.8326,10.9368,49.6867,23.3866,15.8453,61.7002,23.5435,0.00296156,45.4331,14.9363,38.7117,52.5225,38.8326,10.9368,49.6867,46.3246,38.5825,20.4254,23.3866,15.8453,61.7002,23.5435,0.00296156,45.4331,39.9425,7.18798,45.3515,38.8326,10.9368,49.6867,-55.9956,0.00296156,-3.87405,30.2738,0.00296156,-54.9896,23.5435,0.00296156,45.4331,-21.9237,0.00296156,-64.2537]},"normal":{"type":"float32","components":3,"data":[0.401276,-0.915562,0.0268932,0.401276,-0.915562,0.0268932,0.401276,-0.915562,0.0268932,0.674683,0.504513,-0.538767,0.674683,0.504513,-0.538767,0.674683,0.504513,-0.538767,0.00411524,0.999992,1.32479e-07,0.00411524,0.999992,1.32479e-07,0.00411524,0.999992,1.32479e-07,-0.0636451,-0.806091,0.58836,-0.0636451,-0.806091,0.58836,-0.0636451,-0.806091,0.58836,0.96875,1.13169e-07,0.248038,0.96875,1.13169e-07,0.248038,0.96875,1.13169e-07,0.248038,0.296516,-0.9501,-0.0968971,0.296516,-0.9501,-0.0968971,0.296516,-0.9501,-0.0968971,-0.203439,0.583672,0.786091,-0.203439,0.583672,0.786091,-0.203439,0.583672,0.786091,0.0830455,-1.03692e-06,0.996546,0.0830455,-1.03692e-06,0.996546,0.0830455,-1.03692e-06,0.996546,0.401277,-0.915562,0.0268937,0.401277,-0.915562,0.0268937,0.401277,-0.915562,0.0268937,0.401276,-0.915562,0.0268935,0.401276,-0.915562,0.0268935,0.401276,-0.915562,0.0268935,0.401276,-0.915562,0.0268935,0.401276,-0.915562,0.0268935,0.401276,-0.915562,0.0268935,0.628795,0.478401,0.612984,0.628795,0.478401,0.612984,0.628795,0.478401,0.612984,0.0583199,0,-0.998298,0.0583199,0,-0.998298,0.0583199,0,-0.998298,0.0583199,0,-0.998298,0.0583195,-2.17081e-07,-0.998298,0.0583195,-2.17081e-07,-0.998298,0.0583195,-2.17081e-07,-0.998298,0.0583195,-2.17081e-07,-0.998298,0.00411531,0.999992,2.12554e-07,0.00411531,0.999992,2.12554e-07,0.00411531,0.999992,2.12554e-07,0.00411514,0.999992,-2.00217e-07,0.00411514,0.999992,-2.00217e-07,0.00411514,0.999992,-2.00217e-07,0.00411575,0.999992,9.91374e-08,0.00411575,0.999992,9.91374e-08,0.00411575,0.999992,9.91374e-08,0.00411498,0.999992,1.19093e-07,0.00411498,0.999992,1.19093e-07,0.00411498,0.999992,1.19093e-07,-0.0636452,-0.806091,0.588359,-0.0636452,-0.806091,0.588359,-0.0636452,-0.806091,0.588359,-0.0636451,-0.806091,0.58836,-0.0636451,-0.806091,0.58836,-0.0636451,-0.806091,0.58836,-0.319692,0.947521,9.52874e-08,-0.319692,0.947521,9.52874e-08,-0.319692,0.947521,9.52874e-08,-0.964306,-0.264789,-9.02756e-08,-0.964306,-0.264789,-9.02756e-08,-0.964306,-0.264789,-9.02756e-08,-0.964306,-0.264789,-9.02756e-08,0.96875,8.57187e-08,0.248038,0.96875,8.57187e-08,0.248038,0.96875,8.57187e-08,0.248038,0.968751,-7.86097e-08,0.248037,0.968751,-7.86097e-08,0.248037,0.968751,-7.86097e-08,0.248037,5.81985e-12,-1,0,5.81985e-12,-1,0,5.81985e-12,-1,0,0.939693,-8.78241e-08,-0.34202,0.939693,-8.78241e-08,-0.34202,0.939693,-8.78241e-08,-0.34202,0.939693,-8.78241e-08,-0.34202,0,-1,0,0,-1,0,0,-1,0,0,-1,0,0,-1,0,0,-1,0,0.939693,-8.50781e-08,-0.34202,0.939693,-8.50781e-08,-0.34202,0.939693,-8.50781e-08,-0.34202,-0.870903,0.00273737,-0.491447,-0.870903,0.00273737,-0.491447,-0.870903,0.00273737,-0.491447,-0.870903,0.00273737,-0.491447,-0.114732,0.412434,0.903734,-0.114732,0.412434,0.903734,-0.114732,0.412434,0.903734,-0.114732,0.412434,0.903734,0.0583193,0,-0.998298,0.0583193,0,-0.998298,0.0583193,0,-0.998298,0.0583204,0,-0.998298,0.0583204,0,-0.998298,0.0583204,0,-0.998298,-0.319692,0.947521,1.21372e-07,-0.319692,0.947521,1.21372e-07,-0.319692,0.947521,1.21372e-07,-0.319692,0.947521,1.21372e-07,-0.20344,0.583673,0.78609,-0.20344,0.583673,0.78609,-0.20344,0.583673,0.78609,-0.203439,0.583673,0.78609,-0.203439,0.583673,0.78609,-0.203439,0.583673,0.78609,-0.964306,-0.264789,9.80983e-07,-0.964306,-0.264789,9.80983e-07,-0.964306,-0.264789,9.80983e-07,0.301912,-0.68151,0.666629,0.301912,-0.68151,0.666629,0.301912,-0.68151,0.666629,0.301912,-0.68151,0.666629,0.301912,-0.68151,0.666628,0.301912,-0.68151,0.666628,0.301912,-0.68151,0.666628,0.628795,0.4784,0.612984,0.628795,0.4784,0.612984,0.628795,0.4784,0.612984,0.628795,0.4784,0.612984,0.301912,-0.681509,0.666629,0.301912,-0.681509,0.666629,0.301912,-0.681509,0.666629,-3.08651e-12,-1,0,-3.08651e-12,-1,0,-3.08651e-12,-1,0,-3.08651e-12,-1,0]},"texCoord0":{"type":"float32","components":2,