{"model":{"version":3,"nodes":[{"name":"RootNode","position":[0,0,0],"rotation":[0,0,0],"scale":[0.01,0.01,0.01],"scaleCompensation":false},{"name":"Rock_Flat_m_2C_05","position":[0,0,0],"rotation":[0,0,0],"scale":[1,1,1],"scaleCompensation":false}],"parents":[-1,0],"skins":[],"morphs":[],"vertices":[{"position":{"type":"float32","components":3,"data":[35.3292,26.7029,-48.5184,40.017,19.1227,-58.9842,18.6101,26.072,-55.6443,-40.017,9.73387,-28.8793,-23.566,24.4805,-49.0638,-33.932,3.80505,-47.4465,-40.017,23.8597,2.0105,-40.017,6.92638,58.9842,-32.5422,24.1418,58.9842,-40.017,9.73387,-28.8793,-40.017,6.7442,58.9842,-40.017,23.8597,2.0105,-40.017,9.73387,-28.8793,-33.932,3.80505,-47.4465,-30.4951,-0.0125983,-44.1539,18.6101,26.072,-55.6443,-30.9933,0.652251,-47.905,-23.566,24.4805,-49.0638,40.017,23.0181,48.2037,40.017,-0.0125983,21.1632,40.017,23.9145,-51.285,35.3292,26.7029,-48.5184,40.017,23.9145,-51.285,40.017,19.1227,-58.9842,40.017,23.0181,48.2037,29.3411,9.56483,58.9842,40.017,8.58594,51.5572,33.9131,26.6495,51.7363,-40.017,9.73387,-28.8793,-40.017,23.8597,-15.1035,-23.566,24.4805,-49.0638,-40.017,6.92638,58.9842,-40.017,23.8597,-15.1035,-40.017,9.73387,-28.8793,-40.017,23.8597,2.0105,40.017,8.58594,51.5572,29.3411,9.56483,58.9842,40.017,-0.0125983,21.1632,-33.4176,-0.0125983,48.4488,-40.017,9.73387,-28.8793,-30.4951,-0.0125983,-44.1539,-40.017,6.7442,58.9842,35.3292,26.7029,-48.5184,33.9131,26.6495,51.7363,40.017,23.0181,48.2037,40.017,23.9145,-51.285,-23.566,24.4805,-49.0638,-40.017,23.8597,-15.1035,-40.017,23.8597,2.0105,-40.017,23.8597,2.0105,-32.5422,24.1418,58.9842,23.9263,26.2726,58.9842,-36.2393,2.67126,58.9842,23.9263,26.2726,58.9842,-32.5422,24.1418,58.9842,29.3411,9.56483,58.9842,29.3411,9.56483,58.9842,-36.2393,2.67126,58.9842,-33.4176,-0.0125983,48.4488,40.017,-0.0125983,21.1632,-32.5422,24.1418,58.9842,-40.017,6.92638,58.9842,-36.2393,2.67126,58.9842,-40.017,6.7442,58.9842,-36.2393,2.67126,58.9842,-40.017,6.92638,58.9842,-40.017,23.8597,2.0105,18.6101,26.072,-55.6443,-23.566,24.4805,-49.0638,23.9263,26.2726,58.9842,33.9131,26.6495,51.7363,23.9263,26.2726,58.9842,29.3411,9.56483,58.9842,33.9131,26.6495,51.7363,18.6101,26.072,-55.6443,23.9263,26.2726,58.9842,35.3292,26.7029,-48.5184,-33.4176,-0.0125983,48.4488,-36.2393,2.67126,58.9842,-40.017,6.7442,58.9842,-33.932,3.80505,-47.4465,-30.9933,0.652251,-47.905,-30.4951,-0.0125983,-44.1539,-30.4951,-0.0125983,-44.1539,40.017,4.57484,-58.9842,40.017,-0.0125983,-33.6153,-30.9933,0.652251,-47.905,-33.932,3.80505,-47.4465,-23.566,24.4805,-49.0638,-30.9933,0.652251,-47.905,18.6101,26.072,-55.6443,40.017,19.1227,-58.9842,40.017,4.57484,-58.9842,40.017,4.57484,-58.9842,-30.9933,0.652251,-47.905,18.6101,26.072,-55.6443,40.017,19.1227,-58.9842,40.017,23.9145,-51.285,40.017,4.57484,-58.9842,40.017,23.0181,48.2037,40.017,8.58594,51.5572,40.017,-0.0125983,21.1632,40.017,-0.0125983,21.1632,40.017,-0.0125983,-33.6153,-33.4176,-0.0125983,48.4488,-30.4951,-0.0125983,-44.1539,40.017,-0.0125983,21.1632,40.017,-0.0125983,-33.6153]},"normal":{"type":"float32","components":3,"data":[0.189664,0.83359,-0.518803,0.189664,0.83359,-0.518803,0.189664,0.83359,-0.518803,-0.832773,0.386524,-0.396345,-0.832773,0.386524,-0.396345,-0.832773,0.386524,-0.396345,-0.910909,0.395509,0.117551,-0.910909,0.395509,0.117551,-0.910909,0.395509,0.117551,-1,0,0,-1,0,0,-1,0,0,-0.732989,-0.679847,-0.0231322,-0.732989,-0.679847,-0.0231322,-0.732989,-0.679847,-0.0231322,-0.154158,7.4122e-08,-0.988046,-0.154158,7.4122e-08,-0.988046,-0.154158,7.4122e-08,-0.988046,1,0,0,1,0,0,1,0,0,0.189663,0.83359,-0.518803,0.189663,0.83359,-0.518803,0.189663,0.83359,-0.518803,0.572567,0.185562,0.798582,0.572567,0.185562,0.798582,0.572567,0.185562,0.798582,0.572567,0.185562,0.798582,-0.832773,0.386524,-0.396344,-0.832773,0.386524,-0.396344,-0.832773,0.386524,-0.396344,-1,0,0,-1,0,0,-1,0,0,-1,0,0,0.100633,-0.957351,0.270836,0.100633,-0.957351,0.270836,0.100633,-0.957351,0.270836,-0.732989,-0.679847,-0.0231327,-0.732989,-0.679847,-0.0231327,-0.732989,-0.679847,-0.0231327,-0.732989,-0.679847,-0.0231327,0.514571,0.857413,0.0077251,0.514571,0.857413,0.0077251,0.514571,0.857413,0.0077251,0.514571,0.857413,0.0077251,-0.037709,0.999289,0,-0.037709,0.999289,0,-0.037709,0.999289,0,-0.0377087,0.999289,-4.77303e-08,-0.0377087,0.999289,-4.77303e-08,-0.0377087,0.999289,-4.77303e-08,0,-3.18733e-08,1,0,-3.18733e-08,1,0,-3.18733e-08,1,0,-3.18733e-08,1,0.100633,-0.957351,0.270836,0.100633,-0.957351,0.270836,0.100633,-0.957351,0.270836,0.100633,-0.957351,0.270836,0,-3.84686e-07,1,0,-3.84686e-07,1,0,-3.84686e-07,1,0,0,1,0,0,1,0,0,1,-0.0377087,0.999289,-2.10285e-08,-0.0377087,0.999289,-2.10285e-08,-0.0377087,0.999289,-2.10285e-08,-0.0377087,0.999289,-2.10285e-08,0.572567,0.185562,0.798582,0.572567,0.185562,0.798582,0.572567,0.185562,0.798582,-0.0377085,0.999289,-3.89186e-08,-0.0377085,0.999289,-3.89186e-08,-0.0377085,0.999289,-3.89186e-08,-0.0377085,0.999289,-3.89186e-08,-0.732989,-0.679847,-0.0231325,-0.732989,-0.679847,-0.0231325,-0.732989,-0.679847,-0.0231325,-0.732988,-0.679848,-0.0231328,-0.732988,-0.679848,-0.0231328,-0.732988,-0.679848,-0.0231328,0.0265856,-0.983693,-0.17788,0.0265856,-0.983693,-0.17788,0.0265856,-0.983693,-0.17788,0.0265856,-0.983693,-0.17788,-0.154157,-7.87828e-07,-0.988046,-0.154157,-7.87828e-07,-0.988046,-0.154157,-7.87828e-07,-0.988046,-0.154157,0,-0.988046,-0.154157,0,-0.988046,-0.154157,0,-0.988046,-0.154158,0,-0.988046,-0.154158,0,-0.988046,-0.154158,0,-0.988046,1,0,0,1,0,0,1,0,0,1,0,1.59375e-07,1,0,1.59375e-07,1,0,1.59375e-07,1,0,0,1,0,0,0,-1,0,0,-1,0,0,-1,0,0,-1,0]},"texCoord0":{"type":"float32","components":2,"data":[0.897716,0.163179,0.895867,0.158643,0.904748,0.16009,0.96837,0.167217,0.961534,0.158643,0.970616,0.159267,0.962422,0.180562,0.969426,0.205289,0.961911,0.205339,0.597807,0.397085,0.59894,0.435157,0.591859,0.410429,0.597807,0.397085,0.600054,0.389134,0.6015,0.390615,0.591281,0.444429,0.6008,0.466756,0.590972,0.46294,0.61149,0.434951,0.601708,0.423321,0.61149,0.391829,0.897716,0.163179,0.895791,0.16198,0.895867,0.158643,0.528058,0.474771,0.533349,0.469707,0.534106,0.474287,0.526338,0.472255,0.96837,0.167217,0.962445,0.173147,0.961534,0.158643,0.598864,0.435157,0.591882,0.403015,0.597807,0.397085,0.591859,0.410429,0.590972,0.436375,0.58653,0.439664,0.590705,0.422914,0.6015,0.430696,0.597807,0.397085,0.6015,0.390615,0.59894,0.435157,0.897716,0.163179,0.898312,0.206632,0.895806,0.205101,0.895791,0.16198,0.922487,0.162943,0.929406,0.177662,0.929406,0.185079,0.929406,0.185079,0.926263,0.209773,0.902512,0.209773,0.534106,0.441137,0.526171,0.467927,0.525229,0.443454,0.533349,0.469707,0.58653,0.439664,0.558844,0.439664,0.559943,0.434999,0.590705,0.422914,0.525229,0.443454,0.5322,0.439647,0.534106,0.441137,0.532276,0.439641,0.534106,0.441137,0.5322,0.439647,0.929406,0.185079,0.904748,0.16009,0.922487,0.162943,0.902512,0.209773,0.526338,0.472255,0.526171,0.467927,0.533349,0.469707,0.898312,0.206632,0.904748,0.16009,0.902512,0.209773,0.897716,0.163179,0.6015,0.430696,0.600483,0.435217,0.59894,0.435157,0.600054,0.389134,0.601248,0.388981,0.6015,0.390615,0.561002,0.395023,0.590674,0.38851,0.590606,0.399275,0.560803,0.393433,0.599408,0.467969,0.590972,0.46294,0.6008,0.466756,0.591281,0.444429,0.594694,0.435217,0.6008,0.43556,0.6008,0.43556,0.6008,0.466756,0.591281,0.444429,0.609447,0.38851,0.61149,0.391829,0.603332,0.388567,0.61149,0.434951,0.605437,0.436461,0.601708,0.423321,0.601708,0.423321,0.6015,0.39958,0.559943,0.434999,0.561002,0.395023,0.590705,0.422914,0.590606,0.399275]}}],"meshes":[{"aabb":{"min":[-40.017,-0.0125983,-58.9842],"max":[40.017,26.7029,58.9842]},"vertices":0,