{"model":{"version":3,"nodes":[{"name":"RootNode","position":[0,0,0],"rotation":[0,0,0],"scale":[0.01,0.01,0.01],"scaleCompensation":false},{"name":"Rock_Flat_m_2C_09","position":[0,0,0],"rotation":[0,0,0],"scale":[1,1,1],"scaleCompensation":false}],"parents":[-1,0],"skins":[],"morphs":[],"vertices":[{"position":{"type":"float32","components":3,"data":[-5.62461,26.2293,-50,13.3771,30,-46.0506,7.28087,28.0657,-50,37.7249,5.21676,50,50,0,7.31561,50,8.07553,35.2084,-15.691,2.91171,50,-36.9883,0,22.8579,-6.64684,0,50,-15.691,2.91171,50,-6.64684,0,50,37.7249,5.21676,50,11.1437,30,50,-28.3381,30,-24.0737,-27.9788,30,50,-50,30,23.5742,-50,30,-0.985408,-28.3381,30,-24.0737,-50,0,-14.6473,50,0,7.31561,-36.9883,0,22.8579,19.3843,0,-50,-6.64684,0,50,-5.62461,26.2293,-50,-28.3381,30,-24.0737,13.3771,30,-46.0506,50,8.07553,35.2084,11.1437,30,50,37.7249,5.21676,50,50,30,12.5358,-50,0,7.24372,-36.9883,0,22.8579,-50,30,23.5742,-28.3381,30,-24.0737,50,30,12.5358,13.3771,30,-46.0506,11.1437,30,50,-15.691,2.91171,50,-27.9788,30,50,-50,30,23.5742,-36.9883,0,22.8579,13.3771,30,-46.0506,50,30,-25.1805,7.28087,28.0657,-50,37.7249,5.21676,50,28.7578,0,50,50,0,7.31561,50,0,-32.5532,50,8.07553,35.2084,50,0,7.31561,19.3843,0,-50,-16.8314,0,-50,-5.62461,26.2293,-50,7.28087,28.0657,-50,-36.9883,0,22.8579,-50,0,7.24372,-50,0,-14.6473,-16.8314,0,-50,19.3843,0,-50,50,0,-32.5532,50,0,7.31561,28.7578,0,50,-6.64684,0,50,50,30,12.5358,50,30,-25.1805,-15.691,2.91171,50,11.1437,30,50,-27.9788,30,50,37.7249,5.21676,50,-50,0,-14.6473,-50,0,7.24372,-50,30,-0.985408,-50,30,23.5742,50,30,-25.1805,13.3771,30,-46.0506,50,30,12.5358,-28.3381,30,-24.0737,-50,30,-0.985408,-50,30,23.5742,-28.3381,30,-24.0737,-16.8314,0,-50,-50,0,-14.6473,-5.62461,26.2293,-50,28.7578,0,50,19.3843,0,-50,50,30,-25.1805,50,0,-32.5532,7.28087,28.0657,-50]},"normal":{"type":"float32","components":3,"data":[-0.136099,0.956421,-0.258334,-0.136099,0.956421,-0.258334,-0.136099,0.956421,-0.258334,0.487818,-0.83851,0.242766,0.487818,-0.83851,0.242766,0.487818,-0.83851,0.242766,-0.289913,-0.90051,0.324087,-0.289913,-0.90051,0.324087,-0.289913,-0.90051,0.324087,0,0,1,0,0,1,0,0,1,-6.59395e-08,1,0,-6.59395e-08,1,0,-6.59395e-08,1,0,-6.59395e-08,1,0,-0.696258,0.297485,-0.653243,-0.696258,0.297485,-0.653243,-0.696258,0.297485,-0.653243,0,-1,0,0,-1,0,0,-1,0,0,-1,0,-0.136098,0.956421,-0.258334,-0.136098,0.956421,-0.258334,-0.136098,0.956421,-0.258334,0.556755,0.597146,0.577443,0.556755,0.597146,0.577443,0.556755,0.597146,0.577443,0.556755,0.597146,0.577443,-0.725438,-0.329073,0.604524,-0.725438,-0.329073,0.604524,-0.725438,-0.329073,0.604524,0,1,0,0,1,0,0,1,0,0,1,0,-0.725438,-0.329073,0.604525,-0.725438,-0.329073,0.604525,-0.725438,-0.329073,0.604525,-0.725438,-0.329073,0.604525,0.484199,0.208815,-0.849675,0.484199,0.208815,-0.849675,0.484199,0.208815,-0.849675,0.487818,-0.83851,0.242766,0.487818,-0.83851,0.242766,0.487818,-0.83851,0.242766,1,0,0,1,0,0,1,0,0,0,0,-1,0,0,-1,0,0,-1,0,0,-1,0,-1,0,0,-1,0,0,-1,0,0,-1,0,0,-1,0,0,-1,0,0,-1,0,0,-1,0,0,-1,0,1,0,0,1,0,0,0,0,1,0,0,1,0,0,1,0,0,1,-1,0,0,-1,0,0,-1,0,0,-1,0,0,0,1,0,0,1,0,0,1,0,2.80093e-07,1,0,2.80093e-07,1,0,2.80093e-07,1,0,-0.696258,0.297485,-0.653244,-0.696258,0.297485,-0.653244,-0.696258,0.297485,-0.653244,-0.696258,0.297485,-0.653244,0,0,1,0.4842,0.208813,-0.849675,0.4842,0.208813,-0.849675,0.4842,0.208813,-0.849675,0.4842,0.208813,-0.849675]},"texCoord0":{"type":"float32","components":2,"data":[0.978201,0.15825,0.968787,0.153377,0.972827,0.153923,0.0160755,0.390583,0.0092352,0.412228,0.00939154,0.397974,0.0454654,0.390638,0.0571668,0.404392,0.0404129,0.390707,0.0407303,0.447329,0.0423367,0.451894,0.0394586,0.474291,0.934495,0.19012,0.977801,0.175701,0.950503,0.203334,0.969199,0.200871,0.0257859,0.466861,0.0257859,0.478515,0.0092352,0.473757,0.0092352,0.412228,0.0571668,0.404392,0.0261729,0.441126,0.0404129,0.390707,0.978201,0.15825,0.977801,0.175701,0.968787,0.153377,0.927515,0.221115,0.90832,0.208367,0.926353,0.214828,0.91653,0.226179,0.0092352,0.462708,0.0092352,0.454827,0.0257859,0.454465,0.977801,0.175701,0.932328,0.162958,0.968787,0.153377,0.934495,0.19012,0.0108416,0.441126,0.0257859,0.441126,0.0257859,0.454465,0.0092352,0.454827,0.0423367,0.46209,0.0423367,0.441126,0.0434256,0.465686,0.0160755,0.390583,0.0208977,0.390707,0.0092352,0.412228,0.0809304,0.479294,0.0764752,0.445091,0.0809304,0.45917,0.0592263,0.460299,0.0577795,0.477477,0.0439123,0.47183,0.0434256,0.465686,0.0571668,0.404392,0.0643558,0.412264,0.0643796,0.423302,0.0461353,0.441126,0.0261729,0.441126,0.00927848,0.43233,0.0092352,0.412228,0.0208977,0.390707,0.0404129,0.390707,0.0643796,0.456536,0.0643796,0.475573,0.916221,0.18981,0.90832,0.208367,0.900053,0.190434,0.926353,0.214828,0.0092352,0.473757,0.0092352,0.462708,0.0257859,0.466861,0.0257859,0.454465,0.946152,0.148826,0.968787,0.153377,0.932328,0.162958,0.977801,0.175701,0.978201,0.191669,0.969199,0.200871,0.0257859,0.478515,0.0092352,0.491602,0.0092352,0.473757,0.0237057,0.491602,0.0423367,0.469764,0.0592263,0.460299,0.0423367,0.441126,0.0592263,0.442774,0.0434256,0.465686]}}],"meshes":[{"aabb":{"min":[-50,0,-50],"max":[50,30,50]},"vertices":0,"indices":[0,1,2,3,4,5,6,7,8,9,10,11,12,13,14,14,13,15,16,17,18,19,20,21,20,19,22,23,24,25,26,27,28,29,27,26,30,31,32,33,34,35,34,33,36,37,38,39,37,39,40,41,42,43,44,45,46,47,48,49,50,51,52,50,52,53,54,55,56,56,57,54,58,59,60,60,61,62,47,63,48,63,47,64,57,58,54,65,66,67,66,65,68,69,70,71,70,72,71,73,74,75,76,77,78,79,80,81,80,79,82,10,83,11,84,85,86,85,84,87],"type":"triangles","base":0,"count":120}],"meshInstances":[{"node":1,"mesh":0}]}}